,Name,Total,HP,Attack,Defence,Sp_attack,Sp_defence,Speed,KMeans_Cluster,PCA1,PCA2,Agg_Cluster,DBSCAN_Cluster
0,Bulbasaur,318,45,49,49,65,65,45,0,-1.8823345547685526,-0.015904139559264306,1,0
1,Ivysaur,405,60,62,63,80,80,60,2,-0.5069018462143225,0.03392696407873861,0,0
2,Venusaur,525,80,82,83,100,100,80,2,1.3888602978063742,0.07741440550643125,0,0
3,Mega Venusaur,625,80,100,123,122,120,80,1,2.9677844846943424,-0.6363880590819964,2,0
4,Charmander,309,39,52,43,60,50,65,0,-2.1057950521078586,0.666009323438304,1,0
5,Charmeleon,405,58,64,58,80,65,80,2,-0.5835145735919506,0.7297965259761172,0,0
6,Charizard,534,78,84,78,109,85,100,1,1.454747407042969,0.8582242561041168,0,0
7,Mega Charizard,634,78,130,111,130,85,100,1,3.001399690698622,0.4700761232295809,2,0
8,Mega Charizard X,634,78,104,78,159,115,100,1,3.0982138256808796,1.0838935882466616,2,0
9,Squirtle,314,44,48,65,50,64,43,0,-1.9618995233205607,-0.49686190557813514,1,0
10,Wartortle,405,59,63,80,65,80,58,2,-0.522240593893822,-0.4730613596993708,0,0
11,Blastoise,530,79,83,100,85,105,78,2,1.462708157182954,-0.4736490942317033,0,0
12,Mega Blastoise,630,79,103,120,135,115,78,1,3.0438441021553446,-0.45244929984015325,2,0
13,Caterpie,195,45,30,35,20,20,45,0,-3.9044513360023925,0.205291769326142,1,0
14,Metapod,205,50,20,55,25,25,30,0,-3.7144898013770367,-0.5430734851886622,1,0
15,Butterfree,395,60,45,50,90,80,70,2,-0.6754778274680756,0.590303814982115,0,0
16,Weedle,195,40,35,30,20,20,50,0,-3.918058078238548,0.4366422360167465,1,0
17,Kakuna,205,45,25,50,25,25,35,0,-3.7280965436131916,-0.3117230184980576,1,0
18,Beedrill,395,65,90,40,45,80,75,2,-0.6698395887389248,0.4953978299593263,0,0
19,Mega Beedrill,495,65,150,40,15,80,145,2,0.7406847229266126,1.876907762837262,0,-1
20,Pidgey,251,40,45,40,35,35,56,0,-3.0272659821441446,0.4027097864373736,1,0
21,Pidgeotto,349,63,60,55,50,50,71,0,-1.4678554797213732,0.4087594804232977,1,0
22,Pidgeot,479,83,80,75,70,70,101,2,0.5615467664487087,0.6822404280189887,0,0
23,Mega Pidgeot,579,83,80,80,135,80,121,1,2.1099696601576117,1.5723421686504895,2,0
24,Rattata,253,30,56,35,25,35,72,0,-3.0431905176140286,0.814747659321872,1,0
25,Mega Rattata,253,30,56,35,25,35,72,0,-3.0431905176140286,0.814747659321872,1,0
26,Raticate,413,55,81,60,50,70,97,2,-0.4951146234759982,0.7809566091864375,0,0
27,Mega Raticate,413,75,71,70,40,80,77,2,-0.4095150608254336,-0.127473639694774,0,0
28,Spearow,262,40,60,30,31,31,70,0,-2.8845495997765536,0.9262671385561898,1,0
29,Fearow,442,65,90,65,61,61,100,2,-0.053295454110339015,0.9129094197279833,0,0
30,Ekans,288,35,60,44,40,54,55,0,-2.4121534147418138,0.21353586890264523,1,0
31,Arbok,448,60,95,69,65,79,80,2,0.11588977395082199,0.27701011824886723,0,0
32,Pikachu,320,35,55,40,50,50,90,0,-1.9954826363153921,1.2197479543519723,1,0
33,Mega Pikachu,430,45,80,50,75,60,120,2,-0.30531086931575663,1.8567182565780695,0,0
34,Raichu,485,60,90,55,90,80,110,2,0.6452188587696029,1.4561025432835624,0,0
35,Mega Raichu,485,60,85,50,95,85,110,2,0.660797798749391,1.5498515032184563,0,0
36,Sandshrew,300,50,75,85,20,30,40,0,-2.2583329385629605,-0.9253673550564464,1,0
37,Mega Sandshrew,300,50,75,90,10,35,40,0,-2.253875494660762,-1.1590131899701421,1,0
38,Sandslash,450,75,100,110,45,55,65,2,0.11136974146291051,-0.8710080532718305,0,0
39,Mega Sandslash,450,75,100,120,25,65,65,2,0.12028462926730707,-1.338299723099222,0,0
40,Nidoran♀,275,55,47,52,40,40,41,0,-2.5930761009331285,-0.21561679322312208,1,0
41,Nidorina,365,70,62,67,55,55,56,0,-1.1712544929176059,-0.18300121215235263,1,0
42,Nidoqueen,505,90,92,87,75,85,76,2,1.0612213738820144,-0.2185491750831041,0,0
43,Nidoran♂,273,46,57,40,40,40,50,0,-2.645896579275351,0.2588410778147911,1,0
44,Nidorino,365,61,72,57,55,55,65,0,-1.1946333758039487,0.25337963472645103,1,0
45,Nidoking,505,81,102,77,85,75,85,2,1.0178024286770935,0.4003601222716465,0,0
46,Clefairy,323,70,45,48,60,65,35,0,-1.743232938986722,-0.360712559090441,1,0
47,Clefable,483,95,70,73,95,90,60,2,0.7848028928327301,-0.21197515874992867,0,0
48,Vulpix,299,38,41,40,50,65,65,0,-2.232103947251367,0.48981552680883506,1,0
49,Mega Vulpix,299,38,41,40,50,65,65,0,-2.232103947251367,0.48981552680883506,1,0
50,Ninetales,505,73,76,75,81,100,100,2,1.0221465440674198,0.5281673098849384,0,0
51,Mega Ninetales,505,73,67,75,81,100,109,2,0.9999161782017778,0.7269580126306914,0,0
52,Jigglypuff,270,115,45,20,45,25,20,0,-2.5329304816913503,-0.11102333512080478,1,-1
53,Wigglytuff,435,140,70,45,85,50,45,2,0.07427192602489138,0.08490311449765606,0,-1
54,Zubat,245,40,45,35,30,40,55,0,-3.1042139498394925,0.3836387709803742,1,0
55,Golbat,455,75,80,70,65,75,90,2,0.21336980219672685,0.4597417934788363,0,0
56,Oddish,320,45,50,55,75,65,30,0,-1.8203027189647327,-0.3798358779765332,1,0
57,Gloom,395,60,65,70,85,75,40,2,-0.6336543449767724,-0.46533092330768616,0,0
58,Vileplume,490,75,80,85,110,90,50,2,0.8796803637576387,-0.4533339967650192,0,0
59,Paras,285,35,70,55,45,55,25,0,-2.3958005402078575,-0.6383793208289028,1,0
60,Parasect,405,60,95,80,60,80,30,2,-0.45171121627433675,-1.1383851299361802,0,0
61,Venonat,305,60,55,50,40,55,45,0,-2.088836368423074,-0.2270796158556321,1,0
62,Venomoth,450,70,65,60,90,75,90,2,0.13849088239660273,0.8890034187497448,0,0
63,Diglett,265,10,55,25,35,45,95,0,-2.9061261809289003,1.6058488138956155,1,0
64,Mega Diglett,265,10,55,30,35,45,90,0,-2.899342243363893,1.3956595004138423,1,0
65,Dugtrio,425,35,100,50,50,70,120,2,-0.37807563536308103,1.584059912247547,0,0
66,Mega Dugtrio,425,35,100,60,50,70,110,2,-0.3645077602330665,1.1636812852840008,0,0
67,Meowth,290,40,45,35,40,40,90,0,-2.4781404405230654,1.2829941411242651,1,0
68,Mega Meowth,290,40,35,35,50,40,90,0,-2.4781477973962494,1.3682572921185556,1,0
69,Mega Meowth X,290,50,65,55,40,40,40,0,-2.3632578613686013,-0.26272109503966656,1,0
70,Persian,440,65,70,60,65,65,115,2,-0.10843776049719475,1.337353442908881,0,0
71,Mega Persian,440,65,60,60,75,65,115,2,-0.10844511737037851,1.4226165939031714,0,0
72,Psyduck,320,50,52,48,65,50,55,0,-1.897479859910787,0.35148421140881775,1,0
73,Golduck,500,80,82,78,95,80,85,2,0.9461633561202586,0.41671537355035654,0,0
74,Mankey,305,40,80,35,35,45,70,0,-2.1812088333288697,0.7636452200159166,1,0
75,Primeape,455,65,105,60,60,70,95,2,0.18849384669700117,0.8180045218005323,0,0
76,Growlithe,350,55,70,45,70,50,60,0,-1.4246496515184175,0.5705887761922922,1,0
77,Arcanine,555,90,110,80,100,80,95,1,1.8037511718983148,0.6481353991536342,0,0
78,Poliwag,300,40,50,40,40,40,90,0,-2.3253661975499837,1.1923590545072942,1,0
79,Poliwhirl,385,65,65,65,50,50,90,0,-0.9531638304229487,0.6532780233565386,0,0
80,Poliwrath,510,90,95,95,70,90,70,2,1.1563258781752213,-0.5973831163898329,0,0
81,Abra,310,25,20,15,105,55,90,0,-2.1296615359358517,2.1720201648286825,0,0
82,Kadabra,400,40,35,30,120,70,105,0,-0.7078399279203298,2.204635745899452,0,0
83,Alakazam,500,55,50,45,135,95,120,1,0.892354894207352,2.149100975050172,0,0
84,Mega Alakazam,600,55,50,65,175,105,150,1,2.399396976500786,2.747673294266608,2,-1
85,Machop,305,70,80,50,35,35,35,0,-2.0905520850175954,-0.33838145741351955,1,0
86,Machoke,405,80,100,70,50,60,45,2,-0.49039612999605425,-0.5829443885357418,0,0
87,Machamp,505,90,130,80,65,85,55,2,1.1208923564128526,-0.6280072513008104,0,0
88,Bellsprout,300,50,75,35,70,30,40,0,-2.2027070659920516,0.49844874170077524,1,0
89,Weepinbell,390,65,90,50,85,45,55,0,-0.780885457976529,0.5310643227715448,0,0
90,Victreebel,490,80,105,65,100,70,70,2,0.819309364151153,0.4755295519222639,0,0
91,Tentacool,335,40,40,35,50,100,70,0,-1.5960184626886824,0.38392564204306,1,0
92,Tentacruel,515,80,70,65,80,120,100,2,1.2412376572392645,0.5040997972485922,0,0
93,Geodude,300,40,80,100,30,30,20,0,-2.2392838888247284,-1.538789117393008,1,0
94,Mega Geodude,300,40,80,100,30,30,20,0,-2.2392838888247284,-1.538789117393008,1,0
95,Graveler,390,55,95,115,45,45,35,2,-0.8174622808092064,-1.5061735363222384,0,0
96,Mega Graveler,390,55,95,115,45,45,35,2,-0.8174622808092064,-1.5061735363222384,0,0
97,Golem,495,80,120,130,55,65,45,2,0.8778859339667383,-1.703911344867892,0,0
98,Mega Golem,495,80,120,130,55,65,45,2,0.8778859339667383,-1.703911344867892,0,0
99,Ponyta,410,50,85,55,65,65,90,2,-0.5366104185237996,0.9210456975131535,0,0
100,Mega Ponyta,410,50,85,55,65,65,90,2,-0.5366104185237996,0.9210456975131535,0,0
101,Rapidash,500,65,100,70,80,80,105,2,0.8852111894917231,0.953661278583923,0,0
102,Mega Rapidash,500,65,100,70,80,80,105,2,0.8852111894917231,0.953661278583923,0,0
103,Slowpoke,315,90,65,65,40,40,15,0,-1.8622056674264218,-1.1609194166794377,1,0
104,Mega Slowpoke,315,90,65,65,40,40,15,0,-1.8622056674264218,-1.1609194166794377,1,0
105,Slowbro,490,95,75,110,100,80,30,2,0.9085157184363662,-1.4664837492186482,0,0
106,Mega Slowbro,590,95,75,180,130,80,30,1,2.413971014772901,-2.516045299119792,0,-1
107,Mega Slowbro X,490,95,100,95,100,70,30,2,0.9051818100720198,-1.0699683472012609,0,0
108,Magnemite,325,25,35,70,95,55,45,0,-1.8422205093648232,0.009225545483690901,1,0
109,Magneton,465,50,60,95,120,70,70,2,0.34910895654888907,0.15173519918835696,0,0
110,Farfetch'd,377,52,90,55,58,62,60,0,-0.9883084175259133,0.18936161760563744,1,0
111,Mega Farfetch'd,377,52,95,55,58,62,55,0,-0.9759582142672234,0.07892233830244141,1,0
112,Doduo,310,35,85,45,35,35,75,0,-2.152376823758086,0.7975683574332499,1,0
113,Dodrio,470,60,110,70,60,60,110,2,0.35096595841717004,1.0819211653858642,0,0
114,Seel,325,65,45,55,45,70,45,0,-1.74085343238058,-0.43302728184516776,1,0
115,Dewgong,475,90,70,80,70,95,70,2,0.6288492476452913,-0.37866798006055197,0,0
116,Grimer,325,80,80,50,40,50,25,0,-1.7054796720928904,-0.6866188010397019,1,0
117,Mega Grimer,325,80,80,50,40,50,25,0,-1.7054796720928904,-0.6866188010397019,1,0
118,Muk,500,105,105,75,65,100,50,2,1.1101560432133784,-0.8526353790552119,0,0
119,Mega Muk,500,105,105,75,65,100,50,2,1.1101560432133784,-0.8526353790552119,0,0
120,Shellder,305,30,65,100,45,25,40,0,-2.2331874449008753,-0.8736248437494933,1,0
121,Cloyster,525,50,95,180,85,45,70,2,1.1544694771995259,-1.5445834762536885,0,-1
122,Gastly,310,30,35,30,100,35,80,0,-2.1548988542825698,1.7826293739438963,0,0
123,Haunter,405,45,50,45,115,55,95,0,-0.6438906392109679,1.7711697790546406,0,0
124,Gengar,500,60,65,60,130,75,110,2,0.8671175758606343,1.759710184165385,0,0
125,Mega Gengar,600,60,65,80,170,95,130,1,2.4188927701168432,2.040138645293772,2,-1
126,Onix,385,35,45,160,30,45,70,0,-1.06046053257138,-1.6786564762439709,0,-1
127,Drowzee,328,60,48,45,43,90,42,0,-1.6415645488436932,-0.48747837275478934,1,0
128,Hypno,483,85,73,70,73,115,67,2,0.8073047070789684,-0.3859300216922252,0,0
129,Krabby,325,30,105,90,25,25,50,0,-1.930059588950993,-0.6055426236513157,1,0
130,Kingler,475,55,130,115,50,50,75,2,0.4396430910748778,-0.5511833218667002,0,0
131,Voltorb,330,40,30,50,55,55,100,0,-1.85613958659612,1.223079164710302,1,0
132,Electrode,490,60,50,70,80,80,150,2,0.608896046825601,1.959660997959913,0,0
133,Exeggcute,325,60,40,80,60,45,40,0,-1.813250161184714,-0.64999760363684,1,0
134,Exeggutor,530,95,95,85,125,75,55,2,1.4979233203727316,-0.1172868643368041,0,0
135,Mega Exeggutor,530,95,105,85,125,75,45,2,1.5226237268901113,-0.3381654229431962,0,0
136,Cubone,320,50,50,95,40,50,35,0,-1.9003835522136858,-1.2410811045683159,1,0
137,Marowak,425,60,80,110,50,80,45,2,-0.20547104600579055,-1.4726007529691318,0,0
138,Mega Marowak,425,60,80,110,50,80,45,2,-0.20547104600579055,-1.4726007529691318,0,0
139,Hitmonlee,455,50,120,53,35,110,87,2,0.2757277438331546,0.24221610697956872,0,-1
140,Hitmonchan,455,50,105,79,35,110,76,2,0.273953609395122,-0.5194504852160626,0,0
141,Lickitung,385,90,55,75,60,75,30,2,-0.7319054926099923,-1.1351992603929768,0,0
142,Koffing,340,40,65,95,60,45,35,0,-1.6073792106915177,-0.9613699512980314,1,0
143,Weezing,490,65,90,120,85,70,60,2,0.7623234693343538,-0.9070106495134156,0,0
144,Mega Weezing,490,65,90,120,85,70,60,2,0.7623234693343538,-0.9070106495134156,0,0
145,Rhyhorn,345,80,85,95,30,30,25,0,-1.4789531000201117,-1.4568717655546595,1,0
146,Rhydon,485,105,130,120,45,45,40,2,0.7370841292841642,-1.620503821450676,0,0
147,Chansey,450,250,5,5,35,105,50,2,0.6042809783966554,-0.41980518414298046,0,-1
148,Tangela,435,65,55,115,100,40,60,2,-0.16309221428512768,-0.4377022019872674,0,0
149,Kangaskhan,490,105,95,80,40,80,90,2,0.8074006240755819,-0.0966134048922396,0,0
150,Mega Kangaskhan,590,105,125,100,60,100,100,1,2.383890938595538,-0.20758980435882549,2,0
151,Horsea,295,30,40,70,70,25,60,0,-2.4075495646232623,0.3706754084588725,1,0
152,Seadra,440,55,65,95,95,45,85,2,-0.12703349165347097,0.46910988620351335,0,0
153,Goldeen,320,45,67,60,35,50,63,0,-1.9373999568411262,0.05415867649130688,1,0
154,Seaking,450,80,92,65,65,80,68,2,0.21094586528910853,-0.0007922780071124572,0,0
155,Staryu,340,30,45,55,70,55,85,0,-1.67997137849904,0.9713432730928419,1,0
156,Starmie,520,60,75,85,100,85,115,2,1.1636718375320052,1.0365744352343809,0,0
157,Mr. Mime,460,40,45,65,100,120,90,2,0.3404681149738879,0.5729045547125995,0,0
158,Mega Mr. Mime,460,50,65,65,90,90,100,2,0.2693225583358042,0.9579935543520075,0,0
159,Scyther,500,70,110,80,55,80,105,2,0.8809198549584649,0.5198421795322115,0,0
160,Jynx,455,65,50,35,115,95,95,2,0.26636647597639046,1.5425387744578734,0,0
161,Electabuzz,490,65,83,57,95,85,105,2,0.7513482890414553,1.2831584966372243,0,0
162,Magmar,495,65,95,57,100,85,93,2,0.8601553527591016,1.065293275587502,0,0
163,Pinsir,500,65,125,100,55,70,85,2,0.8812000951019511,-0.20248862170439266,0,0
164,Mega Pinsir,600,65,155,120,65,90,105,1,2.432997359977711,-0.17784961355887677,2,-1
165,Tauros,490,75,100,95,40,70,110,2,0.6803314804874913,0.2701258285194599,0,0
166,Magikarp,200,20,10,55,15,20,80,0,-3.968107912173719,0.6470982520620224,1,0
167,Gyarados,540,95,125,79,60,100,81,2,1.6488518742159086,-0.2115613535513152,0,0
168,Mega Gyarados,640,95,155,109,70,130,81,1,3.258950126184457,-0.9254448304573938,2,0
169,Lapras,535,130,85,80,85,95,60,2,1.658164108222667,-0.5862513524765236,0,0
170,Ditto,288,48,48,48,48,48,48,0,-2.393602359355393,0.05067155267677346,1,0
171,Eevee,325,55,55,50,45,65,55,0,-1.78364953526927,-0.021443732901707334,1,0
172,Mega Eevee,435,65,75,70,65,85,75,2,-0.05987350925763383,0.0552510673820422,0,0
173,Vaporeon,525,130,65,60,110,95,65,2,1.509720066888984,0.12723099346510003,0,0
174,Jolteon,525,65,65,60,110,95,130,1,1.2604709638010905,1.8380366161214592,0,0
175,Flareon,525,65,130,60,95,110,65,2,1.4510836996419276,0.12853330946598976,0,0
176,Porygon,395,65,60,70,85,75,40,2,-0.6268315403056244,-0.4864920765165177,0,0
177,Omanyte,355,35,40,100,90,55,35,0,-1.3622468832303583,-0.8677622574241526,1,0
178,Omastar,495,70,60,125,115,70,55,2,0.8550783952843398,-0.8780141894403455,0,0
179,Kabuto,355,30,80,90,55,45,55,0,-1.4273449259381519,-0.4064996476437429,1,0
180,Kabutops,495,60,115,105,65,70,80,2,0.801983616789244,-0.31081110476384677,0,0
181,Aerodactyl,515,80,105,65,60,75,130,2,1.0770039769292172,1.4339030187466422,0,0
182,Mega Aerodactyl,615,80,135,85,70,95,150,1,2.628801241804977,1.4585420268921585,2,0
183,Snorlax,540,160,110,65,65,110,30,2,1.899134979130585,-1.388470622443221,0,-1
184,Articuno,580,90,85,100,95,125,85,1,2.292188640248742,-0.4292813504276499,0,0
185,Mega Articuno,580,90,85,85,125,100,95,1,2.2340831965793733,0.5898000124014858,2,0
186,Zapdos,580,90,90,85,125,90,100,1,2.2017002878752887,0.7975045911863383,2,0
187,Mega Zapdos,580,90,125,90,85,90,100,1,2.196163449674341,0.3567019530305996,2,0
188,Moltres,580,90,100,90,125,85,90,1,2.2108180759762885,0.5255086481421977,2,0
189,Mega Moltres,580,90,85,90,100,125,90,1,2.2909672899408258,-0.07671042727015456,0,0
190,Dratini,300,41,64,45,50,50,50,0,-2.2107409276677066,0.19286040677401653,1,0
191,Dragonair,420,61,84,65,70,70,70,2,-0.31497878364701,0.236347848201709,0,0
192,Dragonite,600,91,134,95,100,100,80,1,2.5780652454187956,-0.14017810686953633,2,0
193,Mewtwo,680,106,110,90,154,90,130,1,3.7272495293125525,1.6310871560581812,2,-1
194,Mega Mewtwo,780,106,190,100,154,100,130,1,5.319554790038226,1.4254712638354328,2,-1
195,Mega Mewtwo X,780,106,150,70,194,120,140,1,5.368287961080997,2.3913720325271353,2,-1
196,Mew,600,100,100,100,100,100,100,1,2.535379215098419,0.16373890038877412,2,0
197,Chikorita,318,45,49,65,49,65,45,0,-1.9001348339912436,-0.4715252905215753,1,0
198,Bayleef,405,60,62,80,63,80,60,2,-0.5258146428884317,-0.4501705088187168,0,0
199,Meganium,525,80,82,100,83,100,80,2,1.369947501132265,-0.4066830673910241,0,0
200,Cyndaquil,309,39,52,43,60,50,65,0,-2.1057950521078586,0.666009323438304,1,0
201,Quilava,405,58,64,58,80,65,80,2,-0.5835145735919506,0.7297965259761172,0,0
202,Typhlosion,534,78,84,78,109,85,100,1,1.454747407042969,0.8582242561041168,0,0
203,Totodile,314,50,65,64,44,48,43,0,-1.9846468191651674,-0.39783869401894145,1,0
204,Croconaw,405,65,80,80,59,63,58,2,-0.5481044134217049,-0.38426162502772687,0,0
205,Feraligatr,530,85,105,100,79,83,78,2,1.4268279849323744,-0.336216709819231,0,0
206,Sentret,215,35,46,34,35,45,20,0,-3.4884809302752626,-0.3816709410259531,1,0
207,Furret,415,85,76,64,45,55,90,2,-0.4397178014400375,0.5246640348037729,0,0
208,Hoothoot,262,60,30,30,36,56,50,0,-2.7577794828803075,0.19933373530108325,1,0
209,Noctowl,452,100,50,50,86,96,70,2,0.313700780763571,0.28324005084425136,0,0
210,Ledyba,265,40,20,30,40,80,55,0,-2.701843201903886,0.19782065334982782,1,0
211,Ledian,390,55,35,50,55,110,85,2,-0.7383976308563488,0.34800840539474553,1,0
212,Spinarak,250,40,60,40,40,40,30,0,-2.968866301779527,-0.1784870349390896,1,0
213,Ariados,400,70,90,70,60,70,40,2,-0.5508364418408318,-0.667620983689444,0,0
214,Crobat,535,85,90,80,70,80,130,2,1.3938179977023593,1.1683521593787545,0,0
215,Chinchou,330,75,38,38,56,56,67,0,-1.7115070398686705,0.5842517160272352,1,0
216,Lanturn,460,125,58,58,76,76,67,2,0.4329332538804389,0.0681300685507604,0,0
217,Pichu,205,20,40,15,35,35,60,0,-3.7649723748343913,1.0325272348247527,1,0
218,Cleffa,218,50,25,28,45,55,15,0,-3.381455292998469,-0.44516130316023594,1,0
219,Igglybuff,210,90,30,15,40,20,15,0,-3.50918376238141,-0.06459542532722054,1,-1
220,Togepi,245,35,20,65,40,65,20,0,-3.0079085191216053,-1.1246753337144793,1,0
221,Togetic,405,55,40,85,80,105,40,2,-0.4387336432894288,-1.068732399015094,0,0
222,Natu,320,40,50,45,70,45,70,0,-1.9548563507722325,0.8762386014811886,1,0
223,Xatu,470,65,75,70,95,70,95,2,0.414846329253639,0.9305979032658043,0,0
224,Mareep,280,55,40,40,65,45,35,0,-2.4757286044847415,0.06033885516732838,1,0
225,Flaaffy,365,70,55,55,80,60,45,0,-1.1207270475439115,-0.02204231684590143,1,0
226,Ampharos,510,90,75,85,115,90,55,2,1.2044759134093301,-0.34551670646796007,0,0
227,Mega Ampharos,610,90,95,105,165,110,45,1,2.8303449703444947,-0.6424607701644589,2,-1
228,Bellossom,490,75,80,95,90,100,50,2,0.8885952515620352,-0.9206256665924104,0,0
229,Marill,250,70,20,50,20,50,40,0,-2.9437149924656225,-0.5518670654130781,1,0
230,Azumarill,420,100,50,80,60,80,50,2,-0.20901882893976578,-0.8522448170516391,0,0
231,Sudowoodo,410,70,100,115,30,65,30,2,-0.42788620000297845,-1.9842917055834652,0,0
232,Politoed,500,90,75,75,90,100,70,2,1.0402684239822149,-0.13423692473020687,0,0
233,Hoppip,250,35,35,40,35,55,50,0,-2.9950371828807514,0.09590171076289614,1,0
234,Skiploom,340,55,45,50,45,65,80,0,-1.607889788562573,0.5444250849566824,1,0
235,Jumpluff,460,75,55,70,55,95,110,2,0.28321201125932205,0.6262626345148202,0,0
236,Aipom,360,55,70,55,40,55,85,0,-1.3291542671902195,0.6279779491890252,1,0
237,Sunkern,180,30,30,30,30,30,30,0,-4.09978828897402,0.011532855391849985,1,0
238,Sunflora,425,75,75,55,105,85,30,2,-0.07674720966557944,-0.3498369938130991,0,0
239,Yanma,390,65,65,45,75,45,95,0,-0.874113461479182,1.4290654403813998,0,0
240,Wooper,210,55,45,45,25,25,15,0,-3.5803136012090704,-0.691494934169125,1,0
241,Quagsire,430,95,85,85,65,65,35,2,-0.05606951746644582,-1.0645070636497365,0,0
242,Espeon,525,65,65,60,130,95,110,1,1.3098570630894826,1.5668058008972559,0,0
243,Umbreon,525,95,65,110,60,130,65,2,1.4764490306789197,-1.4888855790160984,0,-1
244,Murkrow,405,60,85,42,85,42,91,2,-0.6362227496338236,1.5498403528360174,0,0
245,Slowking,490,95,75,80,100,110,30,2,1.0020114289346462,-1.1597794425921562,0,0
246,Mega Slowking,490,95,65,80,110,110,30,2,1.0020040720614625,-1.0745162915978657,0,0
247,Misdreavus,435,60,60,60,85,85,85,2,-0.08027890280516375,0.6673171495430007,0,0
248,Unown,336,48,72,48,72,48,48,0,-1.6335855742505647,0.2990548633587803,1,0
249,Wobbuffet,405,190,33,58,33,58,33,2,-0.30128893614977,-1.1996382442230842,0,-1
250,Girafarig,455,70,80,65,90,65,85,2,0.20441236884959765,0.7806368785304314,0,0
251,Pineco,290,50,65,90,35,35,15,0,-2.3504833792170365,-1.5071666565620025,1,0
252,Forretress,465,75,90,140,60,60,40,2,0.38723924400733184,-1.9287701567662558,0,0
253,Dunsparce,415,100,70,70,65,65,45,2,-0.2947590852317762,-0.5792119770588544,0,0
254,Gligar,430,65,75,105,35,65,85,2,-0.2427513702354133,-0.4879369410619656,0,0
255,Steelix,510,75,85,200,55,65,30,2,1.0676967823602477,-3.3968960867263176,0,-1
256,Mega Steelix,610,75,125,230,55,95,30,2,2.6778023912019804,-4.196042714626687,0,-1
257,Snubbull,300,60,80,50,40,40,30,0,-2.161005071148478,-0.41705697832353855,1,0
258,Granbull,450,90,120,75,60,60,45,2,0.23020814577981566,-0.5987363141104635,0,0
259,Qwilfish,440,65,95,85,55,55,85,2,-0.08219321798567966,0.1879697446841857,0,0
260,Scizor,500,70,130,100,55,80,65,2,0.9574564182532534,-0.7626721916076651,0,0
261,Mega Scizor,600,70,150,140,65,100,75,1,2.511689026871662,-1.357911878782849,2,0
262,Shuckle,505,20,10,230,10,230,5,2,1.2724018445539278,-6.307939097719055,0,-1
263,Heracross,500,80,125,75,40,95,85,2,0.9795926365070712,-0.13827988563357965,0,0
264,Mega Heracross,600,80,185,115,40,105,75,1,2.5632007095880285,-1.1632745415341819,2,-1
265,Sneasel,430,55,95,55,35,75,115,2,-0.2548028367476266,1.1172560834789869,0,0
266,Teddiursa,330,60,80,50,50,50,40,0,-1.690658603093354,-0.18083572551969399,1,0
267,Ursaring,500,90,130,75,75,75,55,2,1.0272483054545742,-0.3502862404270895,0,0
268,Slugma,250,40,40,40,70,40,20,0,-2.9441879658816985,-0.1435761405626105,1,0
269,Magcargo,430,60,50,120,90,80,30,2,-0.10041214077643909,-1.657808581477909,0,0
270,Swinub,250,50,50,40,30,30,50,0,-3.0246468540442017,0.2329499243433976,1,0
271,Piloswine,450,100,100,80,60,60,50,2,0.22593728616973882,-0.6303693754035075,0,0
272,Corsola,410,65,55,95,65,95,35,2,-0.36472177787804505,-1.447066006322083,0,0
273,Mega Corsola,410,60,55,100,65,100,30,2,-0.3547442922614885,-1.6847268163358529,0,0
274,Remoraid,300,35,65,35,65,35,65,0,-2.274906465139656,1.0228643726052769,1,0
275,Octillery,480,75,105,75,105,75,45,2,0.71477721000543,-0.270121781547328,0,0
276,Delibird,330,45,55,45,65,45,75,0,-1.8020395622564176,0.9320000996400142,1,0
277,Mantine,485,85,40,70,80,140,70,2,0.881639300659365,-0.5013225076061243,0,0
278,Skarmory,465,65,80,140,40,70,70,2,0.31953983430465827,-1.4916037759996537,0,0
279,Houndour,330,45,60,30,80,50,65,0,-1.750635041245068,1.0896337203199602,1,0
280,Houndoom,500,75,90,50,110,80,95,2,0.9458001975065787,1.3452500032570467,0,0
281,Mega Houndoom,600,75,90,90,140,90,115,1,2.4552849804158456,1.2386804761584926,2,0
282,Kingdra,540,75,95,95,95,95,85,2,1.583826340925739,-0.010711748424033572,0,0
283,Phanpy,330,90,60,60,40,40,40,0,-1.680879655026042,-0.4953005646424711,1,0
284,Donphan,500,90,120,120,60,60,50,2,0.9594640946118034,-1.3404726046064288,0,0
285,Porygon2,515,85,80,90,105,95,60,2,1.2689306037150727,-0.44300463508882504,0,0
286,Stantler,465,73,95,62,85,65,85,2,0.37018999817185255,0.7942735791767395,0,0
287,Smeargle,250,55,20,35,20,45,75,0,-3.0439523849315453,0.6325741016123483,1,0
288,Tyrogue,210,35,35,35,35,35,35,0,-3.6258477529688458,0.02240471574877321,1,0
289,Hitmontop,455,50,95,95,35,110,70,2,0.27096180308576495,-0.9711777297513442,0,0
290,Smoochum,305,45,30,15,85,65,65,0,-2.0997421360994304,1.262830080226336,1,0
291,Elekid,360,45,63,37,65,55,95,0,-1.347480118735597,1.4634368147416836,0,0
292,Magby,365,45,75,37,70,55,83,0,-1.2386730550179506,1.2455715936919614,0,0
293,Miltank,490,95,80,105,40,70,100,2,0.7211905743020975,-0.23489741127941258,0,0
294,Blissey,540,255,10,10,75,135,55,2,2.07832058095976,-0.2989858586405449,0,-1
295,Raikou,580,90,85,75,115,100,115,1,2.1958222718051625,1.1457940469771337,2,0
296,Entei,580,115,115,85,90,75,100,1,2.20579100211908,0.5391757458846488,2,0
297,Suicune,580,100,75,115,90,115,85,1,2.269106425501187,-0.7162200353965326,0,0
298,Larvitar,300,50,64,50,45,50,41,0,-2.1817921006510894,-0.18640198142335548,1,0
299,Pupitar,410,70,84,70,65,70,51,2,-0.41967005877977714,-0.37290804616366124,0,0
300,Tyranitar,600,100,134,110,95,100,61,1,2.6205819475654275,-0.9398191220304544,2,0
301,Mega Tyranitar,700,100,164,150,95,120,71,1,4.17482191305702,-1.620321960199929,2,0
302,Lugia,680,106,90,130,90,154,110,1,3.860376615636751,-0.7768523176292789,2,-1
303,Ho-oh,680,106,130,90,110,154,90,1,3.9542928404746056,-0.2500828594248671,2,-1
304,Celebi,600,100,100,100,100,100,100,1,2.535379215098419,0.16373890038877412,2,0
305,Treecko,310,40,45,35,65,55,70,0,-2.0820279441696443,0.9267268472979345,1,0
306,Grovyle,405,50,65,45,85,65,95,2,-0.617013058474874,1.3969538733812812,0,0
307,Sceptile,530,70,85,65,105,85,120,1,1.3455691366205154,1.5554380678929731,0,0
308,Mega Sceptile,630,70,110,75,145,85,145,1,2.856061248114611,2.340336475645023,2,0
309,Torchic,310,45,60,40,70,50,45,0,-2.0290404200580183,0.34488348863251916,1,0
310,Combusken,405,60,85,60,85,60,55,2,-0.5312809728668039,0.22049987974314691,0,0
311,Blaziken,530,80,120,70,110,70,80,2,1.4223973697339645,0.7183810175907943,0,0
312,Mega Blaziken,630,80,160,80,130,80,100,1,2.965287103678512,1.1250485445694112,2,0
313,Mudkip,310,50,70,50,50,50,40,0,-2.020985229769179,-0.15674331422524326,1,0
314,Marshtomp,405,70,85,70,60,70,50,2,-0.4963665940248295,-0.4421849513022487,0,0
315,Swampert,535,100,110,90,85,90,60,2,1.5960783960857161,-0.61015185183986,0,0
316,Mega Swampert,635,100,150,110,95,110,70,1,3.172576067478856,-0.8063914023007362,2,0
317,Poochyena,220,35,55,35,30,30,35,0,-3.4775199185881864,0.03752073755406236,1,0
318,Mightyena,420,70,90,70,60,60,70,2,-0.3282893495048371,0.11050988673460135,0,0
319,Zigzagoon,240,38,30,41,30,41,60,0,-3.203139777587904,0.36855846682384186,1,0
320,Mega Zigzagoon,240,38,30,41,30,41,60,0,-3.203139777587904,0.36855846682384186,1,0
321,Linoone,420,78,70,61,50,61,100,2,-0.3794441759167878,0.8238480979986297,0,0
322,Mega Linoone,420,78,70,61,50,61,100,2,-0.3794441759167878,0.8238480979986297,0,0
323,Wurmple,195,45,45,35,20,30,20,0,-3.822667614263548,-0.4441699266714949,1,0
324,Silcoon,205,50,35,55,25,25,15,0,-3.6774391916009668,-0.8743913230982505,1,0
325,Beautifly,395,60,70,50,100,50,65,0,-0.723233097418753,0.8569235851181791,0,0
326,Cascoon,205,50,35,55,25,25,15,0,-3.6774391916009668,-0.8743913230982505,1,0
327,Dustox,385,60,50,70,50,90,65,2,-0.8236710627127515,-0.3665684520558133,0,0
328,Lotad,220,40,30,30,40,50,30,0,-3.4127225909470607,-0.1035971087484108,1,0
329,Lombre,340,60,50,50,60,70,50,0,-1.5169604469263638,-0.06010966732071823,1,0
330,Ludicolo,480,80,70,70,90,100,70,2,0.7155080630000729,-0.010394479257179227,0,0
331,Seedot,220,40,40,50,30,30,30,0,-3.475045707739397,-0.39332979749369584,1,0
332,Nuzleaf,340,70,70,40,60,40,60,0,-1.5769808290502656,0.6097425516701341,1,0
333,Shiftry,480,90,100,60,90,60,80,2,0.6354549754307766,0.7567230392153298,0,0
334,Taillow,270,40,55,30,30,30,85,0,-2.796930337476433,1.2660771493637997,1,0
335,Swellow,455,60,85,60,75,50,125,2,0.06749337627314864,1.8242266762832893,0,0
336,Wingull,270,40,30,30,55,30,85,0,-2.7969487296593925,1.4792350268495256,1,0
337,Pelipper,440,60,50,100,95,70,65,2,-0.026294376027759626,-0.33672166710082074,0,0
338,Ralts,198,28,25,25,45,35,40,0,-3.8266333186530783,0.43629489182185033,1,0
339,Kirlia,278,38,35,35,65,55,50,0,-2.5420458807369903,0.46426635917154296,1,0
340,Gardevoir,518,68,65,65,125,115,80,1,1.3117164330112743,0.5481807612206209,0,0
341,Mega Gardevoir,618,68,85,65,165,135,100,1,2.885756690042214,1.227609359063316,2,0
342,Surskit,269,40,30,32,50,52,65,0,-2.721532843352322,0.7400511668523604,1,0
343,Masquerain,454,70,60,62,100,82,80,2,0.23831652304180764,0.6490482668536952,0,0
344,Shroomish,295,60,40,60,40,60,35,0,-2.223592649237127,-0.7052058401216126,1,0
345,Breloom,460,60,130,80,60,60,70,2,0.2802945444325595,-0.010208084958464599,0,0
346,Slakoth,280,60,60,60,35,35,30,0,-2.4988312941554782,-0.6287858675602218,1,0
347,Vigoroth,440,80,80,80,55,55,90,2,-0.06850874153724287,0.33467559853946416,0,0
348,Slaking,670,150,160,100,95,65,100,1,3.6418800318549622,0.3137289739203546,2,-1
349,Nincada,266,31,45,90,30,30,40,0,-2.828190948347189,-0.890432677756634,1,0
350,Ninjask,456,61,90,45,50,50,160,2,0.01495775452723277,2.6800731205700608,0,-1
351,Shedinja,236,1,90,45,30,30,40,0,-3.2940529111312253,0.10693970641872916,1,-1
352,Whismur,240,64,51,23,51,23,28,0,-3.1046556551804567,0.26493936179533173,1,0
353,Loudred,360,84,71,43,71,43,48,0,-1.2088935111597598,0.30842680322302407,1,0
354,Exploud,490,104,91,63,91,73,68,2,0.8652418469730961,0.26376389273066647,0,0
355,Makuhita,237,72,60,30,20,30,25,0,-3.127578270203945,-0.3099680607586661,1,0
356,Hariyama,474,144,120,60,40,60,50,2,0.688274964597175,-0.5662378147676435,0,0
357,Azurill,190,50,20,40,20,40,20,0,-3.8805486241740703,-0.6669038873213631,1,0
358,Nosepass,375,30,45,135,45,90,30,0,-1.0088547521768592,-2.3611734553054484,1,-1
359,Skitty,260,50,45,45,35,35,50,0,-2.8618599367850144,0.13631376348274396,1,0
360,Delcatty,400,70,65,65,55,55,90,2,-0.6988175884655485,0.6397882172464333,0,0
361,Sableye,380,50,75,75,65,65,50,0,-0.9350953812293048,-0.3888135163115415,0,0
362,Mega Sableye,480,50,85,125,85,115,20,2,0.7668970815342574,-2.273600253720127,0,0
363,Mawile,380,50,85,85,55,55,50,0,-0.9662532611888811,-0.5763114361813293,0,0
364,Mega Mawile,480,50,105,125,55,95,50,2,0.6527525217108799,-1.6722234319205087,0,0
365,Aron,330,50,70,100,40,40,30,0,-1.7552918114273084,-1.3448901710068262,1,0
366,Lairon,430,60,90,140,50,50,40,2,-0.20744629891199876,-1.8851868651180166,0,0
367,Aggron,530,70,110,180,60,60,50,2,1.3403992136033114,-2.425483559229207,0,-1
368,Mega Aggron,630,70,140,230,60,80,50,1,2.908207054224918,-3.526365024362228,0,-1
369,Meditite,280,30,40,55,40,55,60,0,-2.568241343586626,0.10866773822435291,1,0
370,Medicham,410,60,60,75,60,75,80,2,-0.5004930815568686,0.1189478207959887,0,0
371,Mega Medicham,510,60,100,85,80,85,100,2,1.0423966523876782,0.5256153477746055,0,0
372,Electrike,295,40,45,40,65,40,65,0,-2.342803827772876,0.8487630616962369,1,0
373,Manectric,475,70,75,60,105,60,105,2,0.46723145080957673,1.516901301277269,0,0
374,Mega Manectric,575,70,75,80,135,80,135,1,1.9943135954215887,1.932945170017758,2,0
375,Plusle,405,60,50,40,85,75,95,2,-0.5777684779935006,1.3571163016605385,0,0
376,Minun,405,60,40,50,75,85,95,2,-0.568860947062288,0.9750877828274377,0,0
377,Volbeat,430,65,73,75,47,85,85,2,-0.16929719343034796,0.01834844623933144,0,0
378,Illumise,430,65,47,75,73,85,85,2,-0.16931632130062588,0.24003263882448664,0,0
379,Roselia,400,50,60,45,100,80,65,2,-0.5920440703978004,0.7117575010502526,0,0
380,Gulpin,302,70,43,53,43,53,40,0,-2.117691215989361,-0.3973937011575009,1,0
381,Swalot,467,100,73,83,73,83,55,2,0.5254918468176073,-0.6771527982679595,0,0
382,Carvanha,305,45,90,20,65,20,65,0,-2.195440862551021,1.4302475917266324,1,0
383,Sharpedo,460,70,120,40,95,40,95,2,0.23662810308393584,1.7906179060117977,0,0
384,Mega Sharpedo,560,70,140,70,110,65,105,1,1.8120059173758152,1.3888772129500848,2,0
385,Wailmer,400,130,70,35,70,35,60,2,-0.5495215648981008,0.6441442334474885,0,-1
386,Wailord,500,170,90,45,90,45,60,2,1.0973514194503897,0.43976541754266885,0,-1
387,Numel,305,60,60,40,65,45,35,0,-2.0730545281466823,0.06196507086251222,1,0
388,Camerupt,460,70,100,70,105,75,40,2,0.40918985695312565,-0.27787976858632807,0,0
389,Mega Camerupt,560,70,120,100,145,105,20,1,2.068666851336883,-1.1777309097223196,2,-1
390,Torkoal,470,70,85,140,85,70,20,2,0.5290018199667613,-2.2289160689853365,0,0
391,Spoink,330,60,25,35,70,80,60,0,-1.6632772164572491,0.4389018977724325,1,0
392,Grumpig,470,80,45,65,90,110,80,2,0.5580661189550058,0.20385386648452716,0,0
393,Spinda,360,60,60,60,60,60,60,0,-1.2561450729429748,0.07676401753338899,1,0
394,Trapinch,290,45,100,45,45,45,10,0,-2.2748342408141387,-0.7106966235365405,1,0
395,Vibrava,340,50,70,50,50,50,70,0,-1.6200649233210251,0.5332372042787519,1,0
396,Flygon,520,80,100,80,80,80,100,2,1.2235782927100203,0.5984683664202907,0,0
397,Cacnea,335,50,85,40,85,40,35,0,-1.6217096779577498,0.3507911716944031,1,0
398,Cacturne,475,70,115,60,115,60,55,2,0.5907261265232926,0.4977716592395987,0,0
399,Swablu,310,45,40,60,40,75,50,0,-2.013551851858402,-0.44263007046560515,1,0
400,Altaria,490,75,70,90,70,105,80,2,0.8300913641726431,-0.3773989083240663,0,0
401,Mega Altaria,590,75,110,110,110,105,80,1,2.3912019605728227,-0.3441969654451502,2,0
402,Zangoose,458,73,115,60,60,60,90,2,0.23922998458416275,0.7737071811133442,0,0
403,Seviper,458,73,100,60,100,60,65,2,0.3009515733848774,0.5625633885745256,0,0
404,Lunatone,460,90,55,65,95,85,70,2,0.3879861840978389,0.21733287810015217,0,0
405,Solrock,460,90,95,85,55,65,70,2,0.3256851379250539,-0.32818926362800427,0,0
406,Barboach,288,50,48,43,46,41,60,0,-2.4289688820512465,0.4580444753377899,1,0
407,Whiscash,468,110,78,73,76,71,60,2,0.5297123815588268,-0.26632695759283703,0,0
408,Corphish,308,43,80,65,50,35,35,0,-2.096602910032589,-0.3927321218616424,1,0
409,Crawdaunt,468,63,120,85,90,55,55,2,0.43250655490879847,-0.1422585881989441,0,0
410,Baltoy,300,40,40,55,40,70,55,0,-2.195515455484019,-0.17176190159577867,1,0
411,Claydol,500,60,70,105,70,120,75,2,0.9936639231716972,-0.8603878321973772,0,0
412,Lileep,355,66,41,77,61,87,23,0,-1.2005741918999484,-1.363677616649868,1,0
413,Cradily,495,86,81,97,81,107,43,2,1.0118689694542775,-1.3019602800989631,0,0
414,Anorith,355,45,95,50,40,50,75,0,-1.4017198113775324,0.5932469071388984,1,0
415,Armaldo,495,75,125,100,70,80,45,2,0.9344987463160034,-1.1022532093186481,0,0
416,Feebas,200,20,15,20,10,55,80,0,-3.859025904822467,0.962288367629118,1,0
417,Milotic,540,95,60,79,100,125,81,1,1.6989042103366596,-0.11367199827829469,0,0
418,Castform,420,70,70,70,70,70,70,2,-0.30826400093262635,0.0985077382472353,0,0
419,Mega Castform,420,70,70,70,70,70,70,2,-0.30826400093262635,0.0985077382472353,0,0
420,Mega Castform X,420,70,70,70,70,70,70,2,-0.30826400093262635,0.0985077382472353,0,0
421,Mega Castform X,420,70,70,70,70,70,70,2,-0.30826400093262635,0.0985077382472353,0,0
422,Kecleon,440,60,90,70,60,120,40,2,0.16904351071090298,-1.0751653844336388,0,0
423,Shuppet,295,44,75,35,63,33,45,0,-2.296399927744654,0.5408601355332658,1,0
424,Banette,455,64,115,65,83,63,65,2,0.24162442500112966,0.32404199936857286,0,0
425,Mega Banette,555,64,165,75,93,83,75,1,1.8292546277816348,0.3273025172648506,2,-1
426,Duskull,295,20,40,90,30,90,25,0,-2.22676680104166,-1.732354427568074,1,0
427,Dusclops,455,40,70,130,60,130,25,2,0.3695511819237283,-2.6024318977900713,0,1
428,Tropius,460,99,68,83,72,87,51,2,0.4311829102890707,-0.815084889253966,0,0
429,Chimecho,455,75,50,80,95,90,65,2,0.2940152746513514,-0.18206316763391142,0,0
430,Absol,465,65,130,60,75,60,75,2,0.3761914276433554,0.6105223781224465,0,0
431,Mega Absol,565,65,150,60,115,60,115,1,1.8607654607487463,1.9262386921412389,2,0
432,Wynaut,260,95,23,48,23,48,23,0,-2.7110520112371335,-0.9391194146604469,1,0
433,Snorunt,300,50,50,50,50,50,50,0,-2.2040261449533234,0.055020296819542715,1,0
434,Glalie,480,80,80,80,80,80,80,2,0.6396170710777221,0.12025145896108161,0,0
435,Mega Glalie,580,80,120,80,120,80,100,1,2.173591917217873,0.9942106557670898,2,0
436,Spheal,290,70,40,50,55,50,25,0,-2.273328097078638,-0.5483040845962248,1,0
437,Sealeo,410,90,60,70,75,70,45,2,-0.377565953057941,-0.5048166431685323,0,0
438,Walrein,530,110,80,90,95,90,65,2,1.5181961909627562,-0.46132920174083963,0,0
439,Clamperl,345,35,64,85,74,55,32,0,-1.4964667018637665,-0.7803117116228104,1,0
440,Huntail,485,55,104,105,94,75,52,2,0.7159764594904596,-0.7185943750719055,0,0
441,Gorebyss,485,55,84,105,114,75,52,2,0.715961745744092,-0.5480680730833245,0,0
442,Relicanth,485,100,90,130,45,65,55,2,0.7221435943403698,-1.6620554976527226,0,0
443,Luvdisc,330,43,30,55,40,65,97,0,-1.8301583067767297,0.8192088450514164,1,0
444,Bagon,300,45,75,60,40,30,50,0,-2.262039535029442,-0.014051170359757024,1,0
445,Shelgon,420,65,95,100,60,50,50,2,-0.33914164074871656,-0.8113209828591563,0,0
446,Salamence,600,95,135,80,110,80,100,1,2.5107487054380297,0.863693940269517,2,0
447,Mega Salamence,700,95,145,130,120,90,120,1,4.009115670706298,0.3870980428252282,2,0
448,Beldum,300,40,55,80,35,60,30,0,-2.181624794667786,-1.1680747450201323,1,0
449,Metang,420,60,75,100,55,80,50,2,-0.28586265064708916,-1.1245873035924399,0,0
450,Metagross,600,80,135,130,95,90,70,1,2.528762594795068,-0.9581186436820263,2,0
451,Mega Metagross,700,80,145,150,105,110,110,1,4.031159046636067,-0.49172251832372604,2,-1
452,Regirock,580,80,100,200,50,100,50,2,2.2036204821594607,-3.2955556134740642,0,-1
453,Regice,580,80,50,100,100,200,50,1,2.5152360661211426,-1.846892169747638,0,-1
454,Registeel,580,80,75,150,75,150,50,1,2.3594282741403014,-2.571223891610851,0,1
455,Latias,600,80,80,90,110,130,110,1,2.5546108807468126,0.4622293927369674,0,0
456,Mega Latias,700,80,100,120,140,150,110,1,4.1446617135235995,0.016137517301126093,2,-1
457,Latios,600,80,90,80,130,110,110,1,2.5256632874970215,1.0267863620460151,2,0
458,Mega Latios,700,80,130,100,160,120,110,1,4.106813946215779,0.8774598544489842,2,0
459,Kyogre,670,100,100,90,150,140,90,1,3.7596897510861758,0.2434196001156055,2,0
460,Mega Kyogre,770,100,150,90,180,160,90,1,5.3831381780250585,0.3958279297512258,2,-1
461,Groudon,670,100,150,140,100,90,90,1,3.603900351288294,-0.6940699992333336,2,0
462,Mega Groudon,770,100,180,160,150,90,90,1,5.165003590815289,-0.5756049053601268,2,-1
463,Rayquaza,680,105,150,90,150,90,95,1,3.8123393339384264,0.8281391711798589,2,2
464,Mega Rayquaza,780,105,180,100,180,100,115,1,5.355221711009789,1.3200698491527663,2,-1
465,Jirachi,600,100,100,100,100,100,100,1,2.535379215098419,0.16373890038877412,2,0
466,Deoxys,600,50,150,50,150,50,150,1,2.299111481143976,3.3898858196745545,2,-1
467,Mega Deoxys,600,50,180,20,180,20,150,1,2.2723888883503385,4.535971376173857,2,-1
468,Mega Deoxys X,600,50,70,160,70,160,90,1,2.545274689872044,-1.8819097861450362,0,-1
469,Mega Deoxys X,600,50,95,90,95,90,180,1,2.2606514206264627,2.3965126936698917,2,-1
470,Turtwig,318,55,68,64,45,55,31,0,-1.8708251650820003,-0.7399675330685317,1,0
471,Grotle,405,75,89,85,55,65,36,2,-0.4816746915965034,-1.0658251148520772,0,0
472,Torterra,525,95,109,105,75,85,56,2,1.4140874524241933,-1.0223376734243845,0,0
473,Chimchar,309,44,58,44,58,44,61,0,-2.1022234898610948,0.5778532894413362,1,0
474,Monferno,405,64,78,52,78,52,81,2,-0.5971587755102676,0.9555832981277463,0,0
475,Infernape,534,76,104,71,104,71,108,1,1.4120086227448012,1.2765814558999449,0,0
476,Piplup,314,53,51,53,61,56,40,0,-1.9448835722092594,-0.19021376122832037,1,0
477,Prinplup,405,64,66,68,81,76,50,2,-0.49032327951918325,-0.25619811638120404,0,0
478,Empoleon,530,84,86,88,111,101,60,2,1.5193185212017895,-0.3924012585256383,0,0
479,Starly,245,40,55,30,30,30,60,0,-3.1310305928498945,0.6910933839438037,1,0
480,Staravia,340,55,75,50,40,40,80,0,-1.6579678737394674,0.7449567581636785,1,0
481,Staraptor,485,85,120,70,50,60,100,2,0.6472985081636206,0.683646111083433,0,0
482,Bidoof,250,59,45,40,35,40,31,0,-2.945406006244311,-0.27944313676915566,1,0
483,Bibarel,410,79,85,60,55,60,71,2,-0.4656826405913157,0.24226121211774618,0,0
484,Kricketot,194,37,25,41,25,41,25,0,-3.8464155771418294,-0.484844591937298,1,0
485,Kricketune,384,77,85,51,55,51,65,0,-0.8732869977351608,0.36158850563219674,1,0
486,Shinx,263,45,65,34,40,34,45,0,-2.7985915500524725,0.32157830229504136,1,0
487,Luxio,363,60,85,49,60,49,60,0,-1.2184331118067773,0.4059404064245622,1,0
488,Luxray,523,80,120,79,95,79,70,2,1.3442806121466109,0.09613843814491281,0,0
489,Budew,280,40,30,35,50,70,55,0,-2.4899387669160005,0.2942714909896073,1,0
490,Roserade,515,60,70,65,125,105,90,1,1.2085646809746338,0.8974479801743183,0,0
491,Cranidos,350,67,125,40,30,30,58,0,-1.437804556708557,0.4288543259345461,1,-1
492,Rampardos,495,97,165,60,65,50,58,2,0.9168442460463313,0.13894443912724252,0,-1
493,Shieldon,350,30,42,118,42,88,30,0,-1.3897850545123727,-2.0509365934042583,1,0
494,Bastiodon,495,60,52,168,47,138,30,2,0.991586341036154,-3.486932036710864,0,1
495,Burmy,224,40,29,45,29,45,36,0,-3.3909136886340265,-0.31183091344855496,1,0
496,Wormadam,424,60,59,85,79,105,36,2,-0.12118297385715784,-1.1694528903988597,0,0
497,Mega Wormadam,424,60,79,105,59,85,36,2,-0.18349873377631043,-1.5444487301384353,0,0
498,Mega Wormadam X,424,60,69,95,69,95,36,2,-0.15234085381673415,-1.3569508102686474,0,0
499,Mothim,424,70,94,50,94,50,66,2,-0.25286563947066754,0.8119645918932389,0,0
500,Combee,244,30,30,42,30,42,70,0,-3.174530450706612,0.5972643128051259,1,0
501,Vespiquen,474,70,80,102,80,102,40,2,0.6493491655325507,-1.3792932468291705,0,0
502,Pachirisu,405,60,45,70,45,90,95,2,-0.5810875864947707,0.2716655433894303,0,0
503,Buizel,330,55,65,35,60,30,85,0,-1.8320072077756357,1.4133227939112365,1,0
504,Floatzel,495,85,105,55,85,50,115,2,0.7652287496338257,1.7190153270520314,0,0
505,Cherubi,275,45,35,45,62,53,35,0,-2.558082362435832,-0.10503753125800089,1,0
506,Cherrim,450,70,60,70,87,78,85,2,0.14572057296350052,0.5243055359466107,0,0
507,Shellos,325,76,48,48,57,62,34,0,-1.7069150355679168,-0.40277016474314714,1,0
508,Gastrodon,475,111,83,68,92,82,39,2,0.7213766229328121,-0.598844451675283,0,0
509,Ambipom,482,75,100,66,60,66,115,2,0.5655654153942244,1.1612557697903607,0,0
510,Drifloon,348,90,50,34,60,44,70,0,-1.433025008939065,0.8340623767121149,1,0
511,Drifblim,498,150,80,44,90,54,80,2,1.008133974037277,0.8967553953806825,0,-1
512,Buneary,350,55,66,44,44,56,85,0,-1.4732486635356161,0.8626918072698389,1,0
513,Lopunny,480,65,76,84,54,96,105,2,0.5850160847987912,0.27882261600488956,0,0
514,Mega Lopunny,580,65,136,94,54,96,135,1,2.0831874205269316,0.8331076990829741,2,-1
515,Mismagius,495,60,60,60,105,105,105,2,0.8604140333050851,1.13975965515069,0,0
516,Honchkrow,505,100,125,52,105,52,71,2,1.0600510477494267,0.9037044197184132,0,0
517,Glameow,310,49,55,42,42,37,85,0,-2.1506322265021915,1.0592768533617318,1,0
518,Purugly,452,71,82,64,64,59,112,2,0.08069643732864976,1.2266672657969961,0,0
519,Chingling,285,45,30,50,65,50,45,0,-2.4360205446757033,0.0799644758742046,1,0
520,Stunky,329,63,63,47,41,41,74,0,-1.8010634076152137,0.6271951412063554,1,0
521,Skuntank,479,103,93,67,71,61,84,2,0.6217045307345657,0.47776740487143876,0,0
522,Bronzor,300,57,24,86,24,86,23,0,-2.0957233663376083,-1.861016942714953,1,0
523,Bronzong,500,67,89,116,79,116,33,2,1.0866920691941746,-1.9215105123419336,0,0
524,Bonsly,290,50,80,95,10,45,10,0,-2.3236483440236753,-2.0277791470111586,1,0
525,Mime Jr.,310,20,25,45,70,90,60,0,-2.0256404971019335,0.29319586048106205,1,0
526,Happiny,220,100,5,5,15,65,30,0,-3.2729501560738194,-0.21783660306971567,1,-1
527,Chatot,411,76,65,45,92,42,91,2,-0.5227303787135297,1.4874278162935775,0,0
528,Spiritomb,485,50,92,108,92,108,35,2,0.8139139858270866,-1.4708049104894114,0,0
529,Gible,300,58,70,45,40,45,42,0,-2.177792062421413,-0.09242086227458682,1,0
530,Gabite,410,68,90,65,50,55,82,2,-0.5234421980167474,0.4380332037093132,0,0
531,Garchomp,600,108,130,95,80,85,102,1,2.5168875425407387,0.24917844838840295,2,0
532,Mega Garchomp,700,108,170,115,120,95,92,1,4.122731250903692,-0.03576346682072953,2,0
533,Munchlax,390,135,85,40,40,85,5,2,-0.4705677008952865,-1.442829924227837,0,-1
534,Riolu,285,40,70,40,35,40,60,0,-2.488772062561399,0.47341938184856325,1,0
535,Lucario,525,70,110,70,115,70,90,2,1.3048774211043144,1.0196559843311919,0,0
536,Mega Lucario,625,70,145,88,140,70,112,1,2.8138846647535067,1.4507960433241658,2,0
537,Hippopotas,330,68,72,78,38,42,32,0,-1.707170214398732,-0.9745001505467924,1,0
538,Hippowdon,525,108,112,118,68,72,47,2,1.4135474523634604,-1.4687367797472493,0,0
539,Skorupi,330,40,50,90,30,55,65,0,-1.8141998971517932,-0.5611539413264119,1,0
540,Drapion,500,70,90,110,60,75,95,2,0.8622026361544589,-0.20827235890766896,0,0
541,Croagunk,300,48,61,40,61,40,50,0,-2.2156635334403134,0.45403959203560523,1,0
542,Toxicroak,490,83,106,65,86,65,85,2,0.7763463840775319,0.7234149362553748,0,0
543,Carnivine,454,74,100,72,90,72,46,2,0.2965982689782416,-0.30636567484489124,0,0
544,Finneon,330,49,49,56,49,61,66,0,-1.7545326374702341,0.20478487837281142,1,0
545,Lumineon,460,69,69,76,69,86,91,2,0.29723616468123454,0.3191938969244782,0,0
546,Mantyke,345,45,20,50,60,120,50,0,-1.358095079379453,-0.47839523132170314,1,0
547,Snover,334,60,62,50,62,60,40,0,-1.6072985224290741,-0.17213926478355954,1,0
548,Abomasnow,494,90,92,75,92,85,60,2,0.939913995756808,-0.1976338724522199,0,0
549,Mega Abomasnow,594,90,132,105,132,105,30,1,2.6040586912125505,-1.2210982727129471,2,-1
550,Weavile,510,70,120,65,45,85,125,2,1.0165820572673991,1.1360685461072142,0,0
551,Magnezone,535,70,70,115,130,90,60,2,1.5272771336610869,-0.5982509240054483,0,0
552,Lickilicky,515,110,85,95,80,95,50,2,1.322197160077469,-1.082596871403678,0,0
553,Rhyperior,535,115,140,130,55,55,40,2,1.5513250991451275,-1.8287536069048278,0,0
554,Tangrowth,535,100,100,125,110,50,50,2,1.5016657287827788,-0.9270615742839383,0,-1
555,Electivire,540,75,123,67,95,85,95,1,1.5702643168475885,0.866032301064046,0,0
556,Magmortar,540,75,95,67,125,95,83,1,1.6199154394942874,0.7595021842375903,0,0
557,Togekiss,545,85,50,95,120,115,80,1,1.729039426567937,-0.14028858184167645,0,0
558,Yanmega,515,86,76,86,116,56,95,2,1.1101611105958777,0.8787622508068227,0,0
559,Leafeon,525,65,110,130,60,65,95,2,1.2089333349300966,-0.4660586740274728,0,0
560,Glaceon,525,65,60,110,130,95,65,2,1.3653462354808645,-0.4246480546172782,0,0
561,Gliscor,510,75,95,125,45,75,95,2,1.0106781877210984,-0.6474633935820606,0,0
562,Mamoswine,530,110,130,80,70,60,80,2,1.4321983884208278,0.1481267254851459,0,0
563,Porygon-Z,535,85,80,70,135,75,90,1,1.4936879827608527,1.087181124514056,0,0
564,Gallade,518,68,125,65,65,115,80,2,1.3117605742503773,0.0366018552548782,0,0
565,Mega Gallade,618,68,165,95,65,115,110,1,2.787666847203786,0.1918868016186551,2,-1
566,Probopass,525,60,55,145,75,150,40,2,1.4915309299995674,-2.657840014792174,0,1
567,Dusknoir,525,45,100,135,65,135,45,2,1.439803142819891,-2.223782409277135,0,-1
568,Froslass,480,70,80,70,80,70,110,2,0.5429700681252575,1.1219748090367316,0,0
569,Rotom,440,50,50,77,95,77,91,2,-0.06453332631252642,0.6706493392777564,0,0
570,Mega Rotom,520,50,65,107,105,107,86,2,1.241234111581183,-0.17190331205473078,0,0
571,Mega Rotom X,520,50,65,107,105,107,86,2,1.241234111581183,-0.17190331205473078,0,0
572,Mega Rotom X,520,50,65,107,105,107,86,2,1.241234111581183,-0.17190331205473078,0,0
573,Mega Rotom X,520,50,65,107,105,107,86,2,1.241234111581183,-0.17190331205473078,0,0
574,Mega Rotom X,520,50,65,107,105,107,86,2,1.241234111581183,-0.17190331205473078,0,0
575,Uxie,580,75,75,130,75,130,95,1,2.223653292024886,-0.9625784889956335,0,0
576,Mesprit,580,80,105,105,105,105,80,1,2.2452542007074805,-0.31735460753415623,2,0
577,Azelf,580,75,125,70,125,70,115,1,2.1208146502760337,1.6860865902214652,2,0
578,Dialga,680,100,120,120,150,100,90,1,3.8045018438092657,0.043095540532376166,2,0
579,Palkia,680,90,120,100,150,120,100,1,3.8284863016151096,0.5107659433074261,2,0
580,Heatran,600,91,90,106,130,106,77,1,2.5852271354955922,-0.22846147635044584,2,0
581,Regigigas,670,110,160,110,80,110,100,1,3.6663232729124635,-0.2820704429250368,2,0
582,Giratina,680,150,100,120,100,120,90,1,3.9128320857774535,-0.7893623454907047,2,2
583,Mega Giratina,680,150,120,100,120,100,90,1,3.895017023915028,-0.02530530782450293,2,2
584,Cresselia,600,120,70,120,75,130,85,1,2.6375724893034924,-1.1561774630011434,0,0
585,Phione,480,80,80,80,80,80,80,2,0.6396170710777221,0.12025145896108161,0,0
586,Manaphy,600,100,100,100,100,100,100,1,2.535379215098419,0.16373890038877412,2,0
587,Darkrai,600,70,90,90,135,90,125,1,2.4237654476639094,1.438088612476571,2,0
588,Shaymin,600,100,100,100,100,100,100,1,2.535379215098419,0.16373890038877412,2,0
589,Mega Shaymin,600,100,103,75,120,75,127,1,2.4464229686100536,1.67255073021164,2,0
590,Arceus,720,120,120,120,120,120,120,1,4.431141359119116,0.2072263418164668,2,-1
591,Victini,600,100,100,100,100,100,100,1,2.535379215098419,0.16373890038877412,2,0
592,Snivy,308,45,45,55,45,55,63,0,-2.111833305698047,0.1796012748494186,1,0
593,Servine,413,60,60,75,60,75,83,2,-0.46040105091205324,0.18794587264638818,0,0
594,Serperior,528,75,75,95,75,95,113,2,1.3246713060233253,0.4262839766113562,0,0
595,Tepig,308,65,63,45,45,45,45,0,-2.0489815293402,-0.00585937563860308,1,0
596,Pignite,418,90,93,55,70,55,55,2,-0.28894053529236075,0.12587034974821523,0,0
597,Emboar,528,110,123,65,100,65,65,2,1.4642739756477388,0.3213928038410104,0,0
598,Oshawott,308,55,55,45,63,45,45,0,-2.062640381054227,0.18993660256878295,1,0
599,Dewott,413,75,75,60,83,60,60,2,-0.3964888838040015,0.2576950272702752,0,0
600,Samurott,528,95,100,85,108,70,70,2,1.4192007628250236,0.11589327711099748,0,0
601,Patrat,255,45,55,39,35,39,42,0,-2.9134000695650637,0.05700851724728826,1,0
602,Watchog,420,60,85,69,60,69,77,2,-0.34008255536970744,0.2398584214789635,0,0
603,Lillipup,275,45,60,45,25,45,55,0,-2.623482119396127,0.09905816686123395,1,0
604,Herdier,370,65,80,65,35,65,60,0,-1.0865132803930884,-0.2968227495189677,0,0
605,Stoutland,500,85,110,90,45,90,80,2,0.9720468161965714,-0.4778661954433645,0,0
606,Purrloin,281,41,50,37,50,37,66,0,-2.5682450365314873,0.8149926441890688,1,0
607,Liepard,446,64,88,50,88,50,106,2,-0.011501097954772532,1.689767204208365,0,0
608,Pansage,316,50,53,48,53,48,64,0,-1.9870441420843932,0.46376621383311084,1,0
609,Simisage,498,75,98,63,98,63,101,2,0.8507927900498725,1.2796392879699285,0,0
610,Pansear,316,50,53,48,53,48,64,0,-1.9870441420843932,0.46376621383311084,1,0
611,Simisear,498,75,98,63,98,63,101,2,0.8507927900498725,1.2796392879699285,0,0
612,Panpour,316,50,53,48,53,48,64,0,-1.9870441420843932,0.46376621383311084,1,0
613,Simipour,498,75,98,63,98,63,101,2,0.8507927900498725,1.2796392879699285,0,0
614,Munna,292,76,25,45,67,55,24,0,-2.2154287989196098,-0.44052916916424356,1,0
615,Musharna,487,116,55,85,107,95,29,2,0.9500146229321733,-1.1676465054584588,0,0
616,Pidove,264,50,55,50,36,30,43,0,-2.796816802859841,-0.0572463178554077,1,0
617,Tranquill,358,62,77,62,50,42,65,0,-1.335712275272558,0.22683022044199178,1,0
618,Unfezant,488,80,115,80,65,55,93,2,0.6841082212348292,0.529954065411382,0,0
619,Blitzle,295,45,60,32,50,32,76,0,-2.370260574207493,1.1800858907340495,1,0
620,Zebstrika,497,75,100,63,80,63,116,2,0.797921371778857,1.4565719593336333,0,0
621,Roggenrola,280,55,75,85,25,25,15,0,-2.516460166091181,-1.4256905746664972,1,0
622,Boldore,390,70,105,105,50,40,20,2,-0.7588307567916158,-1.6102105402631939,0,0
623,Gigalith,515,85,135,130,60,80,25,2,1.280835948737675,-2.2518660938916355,0,0
624,Woobat,323,65,45,43,55,43,72,0,-1.879949255621769,0.7488013785031175,1,0
625,Swoobat,425,67,57,55,77,55,114,2,-0.35522462897667656,1.5924598192756818,0,0
626,Drilbur,328,60,85,40,30,45,68,0,-1.7903569506643346,0.513407665175284,1,0
627,Excadrill,508,110,135,60,50,65,88,2,1.0963850733838376,0.48461787271962453,0,0
628,Audino,445,103,60,86,60,86,50,2,0.19626622996465168,-1.0202133607762087,0,0
629,Mega Audino,545,103,60,126,80,126,50,2,1.8152572991180451,-1.9455990545268074,0,-1
630,Timburr,305,75,80,55,25,35,35,0,-2.0892881891669464,-0.5445557957952185,1,0
631,Gurdurr,405,85,105,85,40,50,40,2,-0.5079472677194755,-1.0017927750961342,0,0
632,Conkeldurr,505,105,140,95,55,65,45,2,1.1093043258450224,-1.1023519241004054,0,0
633,Tympole,294,50,50,40,50,40,64,0,-2.342511193335743,0.6555466781703383,1,0
634,Palpitoad,384,75,65,55,65,55,69,0,-0.8823435694605442,0.4249613942170526,1,0
635,Seismitoad,509,105,95,75,85,75,74,2,1.1432850480119006,0.09936616509829697,0,0
636,Throh,465,120,100,85,30,85,45,2,0.5476270396525226,-1.4104835820652102,0,0
637,Sawk,465,75,125,75,30,75,85,2,0.3785199974846419,-0.039753600921347186,0,0
638,Sewaddle,310,45,53,70,40,60,42,0,-2.034973116199956,-0.6729350364853881,1,0
639,Swadloon,380,55,63,90,50,80,42,0,-0.8951509549474339,-1.1597202946551382,0,0
640,Leavanny,500,75,103,80,70,80,92,2,0.919842152792431,0.3394336266265057,0,0
641,Venipede,260,30,45,59,30,39,57,0,-2.914010223359335,0.01473557635272136,1,0
642,Whirlipede,360,40,55,99,40,79,47,0,-1.2566657814730817,-1.259114133416223,0,0
643,Scolipede,485,60,100,89,55,69,112,2,0.5804179438152931,0.6305488235403234,0,0
644,Cottonee,280,40,27,60,37,50,66,0,-2.584996389509182,0.12217623723448938,1,0
645,Whimsicott,480,60,67,85,77,75,116,2,0.5078239775761375,0.9233625530433839,0,0
646,Petilil,280,45,35,50,70,50,30,0,-2.478143867669608,-0.21327926031904146,1,0
647,Lilligant,480,70,60,75,110,75,90,2,0.5967988975694803,0.7876244608874134,0,0
648,Basculin,460,70,92,65,80,55,98,2,0.23144674613817523,1.0843386269869104,0,0
649,Mega Basculin,460,70,92,65,80,55,98,2,0.23144674613817523,1.0843386269869104,0,0
650,Sandile,292,50,72,35,35,35,65,0,-2.3810883874400726,0.6962995019466258,1,0
651,Krokorok,351,60,82,45,45,45,74,0,-1.4465713256446628,0.6950438720436724,1,0
652,Krookodile,519,95,117,80,65,70,92,2,1.227951310935073,0.3267411381427426,0,0
653,Darumaka,315,70,90,45,15,45,50,0,-1.9436485012414557,-0.16599023923398562,1,0
654,Mega Darumaka,315,70,90,45,15,45,50,0,-1.9436485012414557,-0.16599023923398562,1,0
655,Darmanitan,480,105,140,55,30,55,95,2,0.6144668338782391,0.6613611954520858,0,0
656,Mega Darmanitan,540,105,30,105,140,105,55,1,1.707731456633469,-0.7133955318607025,0,-1
657,Mega Darmanitan X,480,105,140,55,30,55,95,2,0.6144668338782391,0.6613611954520858,0,0
658,Mega Darmanitan X,540,105,160,55,30,55,135,2,1.4657082598093065,1.5995651152472916,0,-1
659,Maractus,461,75,86,67,106,67,60,2,0.3697587588287659,0.2898162653656857,0,0
660,Dwebble,325,50,65,85,35,35,55,0,-1.8895269592591977,-0.4920000714922351,1,0
661,Crustle,485,70,105,125,65,75,45,2,0.7314914302235714,-1.5829561003206245,0,0
662,Scraggy,348,50,75,70,35,70,48,0,-1.4212402386235443,-0.6668291287750825,0,0
663,Scrafty,488,65,90,115,45,115,58,2,0.83133831659517,-1.6320057682130544,0,0
664,Sigilyph,490,72,58,80,103,80,97,2,0.7450334803827813,0.734823048574553,0,0
665,Yamask,303,38,30,85,55,65,30,0,-2.1324163906535687,-1.1347321813989422,1,0
666,Mega Yamask,303,38,55,85,30,65,30,0,-2.1323979984706094,-1.347890058884668,1,0
667,Cofagrigus,483,58,50,145,95,105,30,2,0.7583101899974339,-2.3003167422177446,0,0
668,Tirtouga,355,54,78,103,53,45,22,0,-1.3275549414382264,-1.5133751455103865,1,0
669,Carracosta,495,74,108,133,83,65,32,2,0.8984487381728304,-1.7867732849287372,0,0
670,Archen,401,55,112,45,74,45,70,2,-0.6518327593072688,0.9206914775014204,0,0
671,Archeops,567,75,140,65,112,65,110,1,1.9228816691740542,1.6013384667150088,2,0
672,Trubbish,329,50,50,62,40,62,65,0,-1.7712017138529577,-0.02861010974307405,1,0
673,Garbodor,474,80,95,82,60,82,75,2,0.5587577176943268,-0.22553616443542115,0,0
674,Zorua,330,40,65,40,80,40,65,0,-1.7886230827489757,1.0085601046532944,1,0
675,Zoroark,510,60,105,60,120,60,105,2,1.007766586491181,1.7190206506519896,0,0
676,Minccino,300,55,50,40,40,40,75,0,-2.26784717376047,0.7975577569712113,1,0
677,Cinccino,470,75,95,60,65,60,115,2,0.3702130221226977,1.3710086289168646,0,0
678,Gothita,290,45,30,50,55,65,45,0,-2.3267938753010458,-0.1466391505617676,1,0
679,Gothorita,390,60,45,70,75,85,55,2,-0.7298351467676462,-0.321099009654848,0,0
680,Gothitelle,490,70,55,95,95,110,65,2,0.8647508641236201,-0.6227803994585019,0,0
681,Solosis,290,45,30,40,105,50,20,0,-2.283996170154241,0.07287822547334286,1,0
682,Duosion,370,65,40,50,125,60,30,0,-1.0057958283412516,0.15579268588702908,1,0
683,Reuniclus,490,110,65,75,125,85,30,2,0.9779459528453275,-0.6671917418502065,0,0
684,Ducklett,305,62,44,50,44,50,55,0,-2.1208269485439657,0.06807239160577186,1,0
685,Swanna,473,75,87,63,87,63,98,2,0.4623597328986772,1.0967988853902757,0,0
686,Vanillite,305,36,50,50,65,60,44,0,-2.109117829653109,0.016931291431017993,1,0
687,Vanillish,395,51,65,65,80,75,59,2,-0.6872962216375861,0.049546872501787444,0,0
688,Vanilluxe,535,71,95,85,110,95,79,1,1.5251395828434562,0.1965273600469829,0,0
689,Deerling,335,60,60,50,40,50,75,0,-1.6979324146976178,0.5115335523891913,1,0
690,Sawsbuck,475,80,100,70,60,70,95,2,0.5145107466566087,0.5732508889400962,0,0
691,Emolga,428,55,75,60,75,60,103,2,-0.2924752020146333,1.2375793426600648,0,0
692,Karrablast,315,50,75,45,40,45,60,0,-1.9956585186263873,0.3526908096934589,1,0
693,Escavalier,495,70,135,105,60,105,20,2,1.0339498127312923,-2.0614648865028062,0,0
694,Foongus,294,69,55,45,55,55,15,0,-2.1710734296124015,-0.7101870490984596,1,0
695,Amoonguss,464,114,85,70,85,80,30,2,0.5672982145123785,-0.9004894481352045,0,0
696,Frillish,335,55,40,50,65,85,40,0,-1.5482077196820143,-0.3676509202244215,1,0
697,Jellicent,480,100,60,70,85,105,60,2,0.777519719361334,-0.40718187593687116,0,0
698,Alomomola,470,165,75,80,40,45,65,2,0.5642298100303978,-0.5805449868516132,0,-1
699,Joltik,319,50,47,50,57,50,65,0,-1.9402349380737691,0.46334074079218607,1,0
700,Galvantula,472,70,77,60,97,60,108,2,0.4123250617528804,1.5122198637952724,0,0
701,Ferroseed,305,44,50,91,24,86,10,0,-2.0077481413702998,-2.188332630958075,1,0
702,Ferrothorn,489,74,94,131,54,116,20,2,0.9374995597748456,-2.760712675361832,0,0
703,Klink,300,40,55,70,45,60,30,0,-2.170499620153604,-0.883311525668688,1,0
704,Klang,440,60,80,95,70,85,50,2,0.04638994979304439,-0.9273452975400429,0,0
705,Klinklang,520,60,100,115,70,85,90,2,1.1920473302829098,-0.3699116193359324,0,0
706,Tynamo,275,35,55,40,45,40,60,0,-2.6539427327724954,0.5707287384900792,1,0
707,Eelektrik,405,65,85,70,75,70,40,2,-0.47850002748837334,-0.5140076302083737,0,0
708,Eelektross,515,85,115,80,105,80,50,2,1.2747144834517263,-0.3184851761155785,0,0
709,Elgyem,335,55,55,55,85,55,30,0,-1.5891864089408683,-0.2259573125758401,1,0
710,Beheeyem,485,75,75,75,125,95,40,2,0.8463483647419235,-0.4000078840444532,0,0
711,Litwick,275,50,30,55,65,55,20,0,-2.5213371453488556,-0.6508907053316189,1,0
712,Lampent,370,60,40,60,95,60,55,0,-1.0854801100736637,0.27386071427181574,0,0
713,Chandelure,520,60,55,90,145,90,80,1,1.2545402414425226,0.4988009756669103,0,0
714,Axew,320,46,87,60,30,40,57,0,-1.941244179005271,-0.0279669653297834,1,0
715,Fraxure,410,66,117,70,40,50,67,2,-0.5046959716523329,-0.021200708348781627,0,0
716,Haxorus,540,76,147,90,60,70,97,2,1.5110606651754523,0.29460254566457256,0,0
717,Cubchoo,305,55,70,40,60,40,40,0,-2.1022402103626256,0.1995665776182228,1,0
718,Beartic,505,95,130,80,70,80,50,2,1.130045333183401,-0.6683434585748644,0,0
719,Cryogonal,515,80,50,50,95,135,105,2,1.275624273919939,0.8957859563564702,0,0
720,Shelmet,305,50,40,85,40,65,25,0,-2.0720123191409954,-1.4220299653824484,1,0
721,Accelgor,495,80,70,40,100,60,145,2,0.7210251926272052,2.732691685625549,0,0
722,Stunfisk,471,109,66,84,81,99,32,2,0.6888532237577011,-1.3269815450248492,0,0
723,Mega Stunfisk,471,109,81,99,66,84,32,2,0.6421164038183366,-1.6082284248295309,0,0
724,Mienfoo,350,45,85,50,55,50,65,0,-1.4562006945033106,0.4957056012431387,1,0
725,Mienshao,510,65,125,60,95,60,105,2,1.0146077833452884,1.4847016199574319,0,0
726,Druddigon,485,77,120,90,60,90,48,2,0.802649831268428,-1.0365974327006626,0,0
727,Golett,303,59,74,50,35,50,35,0,-2.107181298859382,-0.43954785908889615,1,0
728,Golurk,483,89,124,80,55,80,55,2,0.7611696805622271,-0.6804584065480399,0,0
729,Pawniard,340,45,85,70,40,40,60,0,-1.644477732821735,-0.053478189345750514,1,0
730,Bisharp,490,65,125,100,60,70,70,2,0.7599065177746646,-0.5002898316784418,0,0
731,Bouffalant,490,95,110,95,40,95,55,2,0.8935566986311592,-1.2725141053551647,0,0
732,Rufflet,350,70,83,50,37,50,60,0,-1.4097232255171497,0.1259868841060621,1,0
733,Braviary,510,100,123,75,57,75,80,2,1.137496649541916,0.015229125443111176,0,0
734,Vullaby,370,70,55,75,45,65,60,0,-1.09083036398249,-0.43222082009066265,1,0
735,Mandibuzz,510,110,65,105,55,95,80,2,1.157811546987541,-0.8371766152081848,0,0
736,Heatmor,484,85,97,66,105,66,65,2,0.7343480531274459,0.40004783932736504,0,0
737,Durant,484,58,109,112,48,48,109,2,0.5015965392203309,0.25756098847979914,0,0
738,Deino,300,52,65,50,45,50,38,0,-2.171652856827416,-0.2611300102888057,1,0
739,Zweilous,420,72,85,70,65,70,58,2,-0.2758907128067194,-0.21764256886111316,0,0
740,Hydreigon,600,92,105,90,125,90,98,1,2.52048424268707,0.6633442791261628,2,0
741,Larvesta,360,55,85,55,50,55,60,0,-1.2674106077699536,0.16104470366733523,1,0
742,Volcarona,550,85,60,65,135,105,100,1,1.7721627212734858,1.1296862401964647,2,0
743,Cobalion,580,91,90,129,90,72,108,1,2.0982882647456385,-0.031168582754825945,2,0
744,Terrakion,580,91,129,90,72,90,108,1,2.177777249329805,0.4183304729813696,2,0
745,Virizion,580,91,90,72,90,129,108,1,2.2759301146923714,0.5515695998355089,0,0
746,Tornadus,580,79,115,70,125,80,111,1,2.156185762065299,1.4835409447301864,2,0
747,Mega Tornadus,580,79,100,80,110,90,121,1,2.1403965649157235,1.2797594090063324,2,0
748,Thundurus,580,79,115,70,125,80,111,1,2.156185762065299,1.4835409447301864,2,0
749,Mega Thundurus,580,79,105,70,145,80,101,1,2.1808714548363115,1.4331886881123752,2,0
750,Reshiram,680,100,120,100,150,120,90,1,3.866832317474786,0.24756507828337085,2,0
751,Zekrom,680,100,150,120,120,100,90,1,3.804523914428817,-0.2126939124504952,2,0
752,Landorus,600,89,125,90,115,80,101,1,2.4889550893569568,0.7543066871207456,2,0
753,Mega Landorus,600,89,145,90,105,80,91,1,2.5136628527475207,0.4481649775200629,2,0
754,Kyurem,660,125,130,90,130,90,95,1,3.5229642490358564,0.5547383612327393,2,2
755,Mega Kyurem,700,125,170,100,120,90,95,1,4.145201109188733,0.3064349321277198,2,0
756,Mega Kyurem X,700,125,120,90,170,100,95,1,4.1763295616555745,0.8349854559746696,2,2
757,Keldeo,580,91,72,90,129,90,108,1,2.177735315152658,0.9043304336488251,2,0
758,Mega Keldeo,580,91,72,90,129,90,108,1,2.177735315152658,0.9043304336488251,2,0
759,Meloetta,600,100,77,77,128,128,90,1,2.6417554198089297,0.3681044832392111,0,0
760,Mega Meloetta,600,100,128,90,77,77,128,1,2.431292306521036,1.009303874364768,2,0
761,Genesect,600,71,120,95,120,95,99,1,2.493812187882117,0.5832947190473442,2,0
762,Chespin,313,56,61,65,48,45,38,0,-1.987069308689405,-0.4912480085223983,1,0
763,Quilladin,405,61,78,95,56,58,57,2,-0.5778055592486758,-0.6656169564144905,0,0
764,Chesnaught,530,88,107,122,74,75,64,2,1.424988181887467,-1.0618628700910375,0,0
765,Fennekin,307,40,45,40,62,60,60,0,-2.1003773961613246,0.5291521752053682,1,0
766,Braixen,409,59,59,58,90,70,73,2,-0.49151452877933577,0.6112257845879812,0,0
767,Delphox,534,75,69,72,114,100,104,1,1.4774984601972474,0.9757060387609254,2,0
768,Froakie,314,41,56,40,62,44,71,0,-2.047397255042109,0.929891301494408,1,0
769,Frogadier,405,54,63,52,83,56,97,2,-0.6423156315388058,1.3550367540201196,0,0
770,Greninja,530,72,95,67,103,71,122,1,1.3130873546591098,1.6703680937347491,0,0
771,Mega Greninja,640,72,145,67,153,71,132,1,3.0300957591102216,2.4178268304902617,2,0
772,Bunnelby,237,38,36,38,32,36,57,0,-3.2499098729138436,0.4250957154202748,1,0
773,Diggersby,423,85,56,77,50,77,78,2,-0.25380892394606924,-0.16380044970141194,0,0
774,Fletchling,278,45,50,43,40,38,62,0,-2.605077674202343,0.4922880919542163,1,0
775,Fletchinder,382,62,73,55,56,52,84,0,-0.9748047635627047,0.7619179949069173,0,0
776,Talonflame,499,78,81,71,74,69,126,2,0.8121007620787732,1.3974596905557564,0,0
777,Scatterbug,200,38,35,40,27,25,35,0,-3.805687664473452,-0.0701021792304847,1,0
778,Spewpa,213,45,22,60,27,30,29,0,-3.587721542808657,-0.6680382835117322,1,0
779,Vivillon,411,80,52,50,90,50,89,2,-0.5018706836358656,1.2317082780424735,0,0
780,Litleo,369,62,50,58,73,54,72,0,-1.150352662020186,0.5506585690359748,1,0
781,Pyroar,507,86,68,72,109,66,106,2,0.9919416556922833,1.2367872977469248,0,0
782,Flabébé,303,44,38,39,61,79,42,0,-2.0746184949875235,-0.06238450915670659,1,0
783,Floette,371,54,45,47,75,98,52,0,-0.9798120176147089,-0.0468823258579192,1,0
784,Florges,552,78,65,68,112,154,75,1,1.9508673308352276,-0.12361678756896141,0,0
785,Skiddo,350,66,65,48,62,57,52,0,-1.3791901361338745,0.15118514130801083,1,0
786,Gogoat,531,123,100,62,97,81,68,2,1.557499593628335,0.21401845338665637,0,0
787,Pancham,348,67,82,62,46,48,43,0,-1.4208665189134284,-0.3818431493492188,1,0
788,Pangoro,495,95,124,78,69,71,58,2,0.936142306366669,-0.38184309114586434,0,0
789,Furfrou,472,75,80,60,65,90,102,2,0.49408976866482807,0.7938935937959065,0,0
790,Espurr,355,62,48,54,63,60,68,0,-1.345669218851338,0.38572391566674646,1,0
791,Meowstic,466,74,48,76,83,81,104,2,0.3569260937346928,0.758644899573755,0,0
792,Mega Meowstic,466,74,48,76,83,81,104,2,0.3569260937346928,0.758644899573755,0,0
793,Honedge,325,45,80,100,35,37,28,0,-1.8423509223253893,-1.3859141889527244,1,0
794,Doublade,448,59,110,150,45,49,35,2,0.07542013551732465,-2.207392122074689,0,0
795,Aegislash,500,60,50,140,50,140,60,2,1.0318307977291439,-2.255012810308898,0,1
796,Mega Aegislash,500,60,140,50,140,50,60,2,0.9516630193482297,1.1832438591890102,2,0
797,Spritzee,341,78,52,60,63,65,23,0,-1.431024292818647,-0.8570389056716484,1,0
798,Aromatisse,462,101,72,72,99,89,29,2,0.5361534902867034,-0.877451666978118,0,0
799,Swirlix,341,62,48,66,59,57,49,0,-1.5397810651509698,-0.29103202485345114,1,0
800,Slurpuff,480,82,80,86,85,75,72,2,0.6454069681683768,-0.09335166498388356,0,0
801,Inkay,288,53,54,53,37,46,45,0,-2.3889341469512906,-0.2108396084899409,1,0
802,Malamar,482,86,92,88,68,75,73,2,0.6778492733938495,-0.2712171125397128,0,0
803,Binacle,306,42,52,67,39,56,50,0,-2.126835914757884,-0.3969516514992381,1,0
804,Barbaracle,500,72,105,115,54,86,68,2,0.9480969800400054,-1.0710086826334337,0,0
805,Skrelp,320,50,60,60,60,60,30,0,-1.829051497400189,-0.580009142114549,1,0
806,Dragalge,494,65,75,90,97,123,44,2,1.0047424280037345,-1.07146046524717,0,0
807,Clauncher,330,50,53,62,58,63,44,0,-1.7015067811269744,-0.3477964462187797,1,0
808,Clawitzer,500,71,73,88,120,89,59,2,1.0049818759879101,-0.19335976345528488,0,0
809,Helioptile,289,44,38,33,61,43,70,0,-2.4308945661406582,1.0131696475031988,1,0
810,Heliolisk,481,62,55,52,109,94,109,2,0.618453386803807,1.5075828352367269,0,0
811,Tyrunt,362,58,89,77,45,45,48,0,-1.246528931474063,-0.4991496954745402,0,0
812,Tyrantrum,521,82,121,119,69,59,71,2,1.2282951830600055,-0.7172150238407594,0,0
813,Amaura,362,77,59,50,67,63,46,0,-1.1495616729936315,-0.07258621170460597,1,0
814,Aurorus,521,123,77,72,99,92,58,2,1.434761464706882,-0.30541432036945987,0,0
815,Sylveon,525,95,65,65,110,130,60,2,1.5388588408148358,-0.27525879574064993,0,0
816,Hawlucha,500,78,92,75,74,63,118,2,0.8312225023371707,1.2002274907729358,0,0
817,Dedenne,431,67,58,57,81,67,101,2,-0.20629999779629724,1.1882735489726333,0,0
818,Carbink,500,50,50,150,50,150,50,2,1.051785768962257,-2.7303344303364376,0,1
819,Goomy,300,45,50,35,55,75,40,0,-2.119371660849149,-0.04597867924928325,1,0
820,Sliggoo,452,68,75,53,83,113,60,2,0.32545328428851994,-0.05298710214986831,0,0
821,Goodra,600,90,100,70,110,150,80,1,2.704688183306769,-0.03825905174887747,0,0
822,Klefki,470,57,80,91,80,87,75,2,0.4640189734680407,-0.18949724797312437,0,0
823,Phantump,309,43,70,48,50,60,38,0,-2.0191719141491187,-0.22957019202054393,1,0
824,Trevenant,474,85,110,76,65,82,56,2,0.6191871351443241,-0.5040349624849603,0,0
825,Pumpkaboo,335,49,66,70,44,55,51,0,-1.6659132621337387,-0.38554797726414036,1,0
826,Mega Pumpkaboo,335,44,66,70,44,55,56,0,-1.6850862700635767,-0.2539475447521128,1,0
827,Mega Pumpkaboo X,335,54,66,70,44,55,46,0,-1.646740254203901,-0.517148409776168,1,0
828,Mega Pumpkaboo X,335,59,66,70,44,55,41,0,-1.627567246274063,-0.6487488422881957,1,0
829,Gourgeist,494,65,90,122,58,75,84,2,0.7741884071621682,-0.6919993009302752,0,0
830,Mega Gourgeist,494,55,85,122,58,75,99,2,0.7234921880438022,-0.31835915660302383,0,0
831,Mega Gourgeist X,494,75,95,122,58,75,69,2,0.824884626280534,-1.0656394452575266,0,0
832,Mega Gourgeist X,494,85,100,122,58,75,54,2,0.8755808453988998,-1.4392795895847779,0,0
833,Bergmite,304,55,69,85,32,35,28,0,-2.148525918129374,-1.1542536681159856,1,0
834,Avalugg,514,95,117,184,44,46,28,2,1.1430222882490597,-3.1118557199654053,0,-1
835,Noibat,245,40,30,35,45,40,55,0,-3.104224985149268,0.5115334974718098,1,0
836,Noivern,535,85,70,80,97,80,123,1,1.4110884187069288,1.2439476760388641,0,0
837,Xerneas,680,126,131,95,131,98,99,1,3.841588827671978,0.48805149049226926,2,2
838,Yveltal,680,126,131,95,131,98,99,1,3.841588827671978,0.48805149049226926,2,2
839,Zygarde,600,108,100,121,81,95,95,1,2.52526521525383,-0.512875704746899,2,0
840,Mega Zygarde,486,54,100,71,61,85,115,2,0.6327409782073571,0.9777508041978002,0,0
841,Mega Zygarde X,708,216,100,121,91,95,85,1,4.40740833939588,-1.0071305880044152,0,-1
842,Diancie,600,50,100,150,100,150,50,1,2.6351540712639836,-2.2128691997489236,0,-1
843,Mega Diancie,700,50,160,110,160,110,110,1,4.034711881356131,0.9021920048264762,2,-1
844,Hoopa,600,80,110,60,150,130,70,1,2.686780673485694,0.5182679673600222,2,-1
845,Mega Hoopa,680,80,160,60,170,130,80,1,3.9287896225560632,0.982592408447845,2,-1
846,Volcanion,600,80,110,120,130,90,70,1,2.53986937712629,-0.46019754684485603,2,0
847,Rowlet,320,68,55,55,50,50,42,0,-1.8485889712834405,-0.2793828406727292,1,0
848,Dartrix,420,78,75,75,70,70,52,2,-0.2584530474211885,-0.43268154655697805,0,0
849,Decidueye,530,78,107,75,100,100,70,2,1.4989078618985698,0.029157836650097864,0,0
850,Litten,320,45,65,40,60,40,70,0,-1.9524762762569146,0.9181969811974717,1,0
851,Torracat,420,65,85,50,80,50,90,2,-0.3822953236277759,1.2402198953407624,0,0
852,Incineroar,530,95,115,90,80,90,60,2,1.5100890155177775,-0.6361797479089767,0,0
853,Popplio,320,50,54,54,66,56,40,0,-1.855089881387218,-0.14936653210462783,1,0
854,Brionne,420,60,69,69,91,81,50,2,-0.24937501754517793,-0.2089162780539827,0,0
855,Primarina,530,80,74,74,126,116,60,1,1.5594838442654988,-0.11417546298960682,0,0
856,Pikipek,265,35,75,30,30,30,65,0,-2.8335225834462032,0.8409237115790438,1,0
857,Trumbeak,355,55,85,50,40,50,75,0,-1.3880742020352366,0.5509246007212352,1,0
858,Toucannon,485,80,120,75,75,75,60,2,0.7637417298534418,-0.21119707604863966,0,0
859,Yungoos,253,48,70,30,30,30,45,0,-2.956391088666576,0.33320965894937005,1,0
860,Gumshoos,418,88,110,60,55,60,45,2,-0.2625081283046498,-0.3628211579854852,0,0
861,Grubbin,300,47,62,45,55,45,46,0,-2.2026934306146666,0.17037982471883525,1,0
862,Charjabug,400,57,82,95,55,75,36,2,-0.5765068686879895,-1.290967804919897,0,0
863,Vikavolt,500,77,70,90,145,75,43,2,1.0223992059371105,-0.26272955798749553,0,0
864,Crabrawler,338,47,82,57,42,47,63,0,-1.652333121401128,0.21081493686631184,1,0
865,Crabominable,478,97,132,77,62,67,43,2,0.6998484940495057,-0.737948880261341,0,0
866,Oricorio,476,75,70,70,98,70,93,2,0.5284341180375147,0.8751477989621137,0,0
867,Mega Oricorio,476,75,70,70,98,70,93,2,0.5284341180375147,0.8751477989621137,0,0
868,Mega Oricorio X,476,75,70,70,98,70,93,2,0.5284341180375147,0.8751477989621137,0,0
869,Mega Oricorio X,476,75,70,70,98,70,93,2,0.5284341180375147,0.8751477989621137,0,0
870,Cutiefly,304,40,45,40,55,40,84,0,-2.247220785482626,1.191372624859537,1,0
871,Ribombee,464,60,55,60,95,70,124,2,0.252520571869396,1.7863379762533633,0,0
872,Rockruff,280,45,65,40,30,40,60,0,-2.561115833787041,0.4050691793617833,1,0
873,Mega Rockruff,280,45,65,40,30,40,60,0,-2.561115833787041,0.4050691793617833,1,0
874,Lycanroc,487,75,115,65,55,65,112,2,0.6512594527136096,1.0865946372759818,0,0
875,Mega Lycanroc,487,85,115,75,55,75,82,2,0.7479064556660743,0.08487128720033185,0,0
876,Mega Lycanroc X,487,75,117,65,55,65,110,2,0.6561995340170858,1.0424189255547034,0,0
877,Wishiwashi,175,45,20,20,25,25,40,0,-4.182070678710078,0.36987162319178135,1,0
878,Mega Wishiwashi,620,45,140,130,140,135,30,1,2.9865996740750287,-1.7292845787157087,2,-1
879,Mareanie,305,50,53,62,43,52,45,0,-2.121853034125782,-0.36939885632376956,1,0
880,Toxapex,495,50,63,152,53,142,35,2,0.9914112467092006,-3.0027185708146473,0,1
881,Mudbray,385,70,100,70,45,55,45,2,-0.8307354309579847,-0.5528509029976081,0,0
882,Mudsdale,500,100,125,100,55,85,35,2,1.0825108185549785,-1.600907436420659,0,0
883,Dewpider,269,38,40,52,40,72,27,0,-2.6125927154654964,-0.7696167812403083,1,0
884,Araquanid,454,68,70,92,50,132,42,2,0.39625166337018686,-1.692968252018259,0,0
885,Fomantis,250,40,55,35,50,35,35,0,-2.9856739489404154,0.1655980792778021,1,0
886,Lurantis,480,70,105,90,80,90,45,2,0.7213230586042848,-0.9072665575824381,0,0
887,Morelull,285,40,35,55,65,75,15,0,-2.3242266318749083,-0.9044233296188589,1,0
888,Shiinotic,405,60,45,80,90,100,30,2,-0.4116678760030992,-1.077126275916622,0,0
889,Salandit,320,48,44,40,71,40,77,0,-1.965680970576894,1.1539047463903669,1,0
890,Salazzle,480,68,64,60,111,60,117,2,0.5140276813297336,1.8461353972658499,0,0
891,Stufful,340,70,75,50,45,50,50,0,-1.5433692131650811,-0.035796101266503864,1,0
892,Bewear,500,120,125,80,55,60,60,2,1.0202343201073658,-0.4911922673215558,0,0
893,Bounsweet,210,42,30,38,30,38,32,0,-3.606211973820024,-0.20514565217429706,1,0
894,Steenee,290,52,40,48,40,48,62,0,-2.3910506975109067,0.2765850808755461,1,0
895,Tsareena,510,72,120,98,50,98,72,2,1.139524818742086,-0.7852158151978131,0,0
896,Comfey,485,51,52,90,82,110,100,2,0.6787783588578674,0.21505740196262654,0,0
897,Oranguru,490,90,60,80,90,110,60,2,0.9210947615845423,-0.5612457645584387,0,0
898,Passimian,490,100,120,90,40,60,80,2,0.7740802836436592,-0.3013002796836409,0,0
899,Wimpod,230,25,35,40,20,30,80,0,-3.4495357574124266,0.897898320089229,1,0
900,Golisopod,530,75,125,140,60,90,40,2,1.476550666677485,-2.161318896060785,0,0
901,Sandygast,320,55,55,80,70,45,15,0,-1.8374995607689784,-1.1003271697305015,1,0
902,Palossand,480,85,75,110,100,75,35,2,0.714163044445918,-1.274204461318567,0,0
903,Pyukumuku,410,55,60,130,30,130,5,2,-0.2730898094089568,-3.4044791916394495,0,-1
904,Type: Null,534,95,95,95,95,95,59,2,1.58033431135546,-0.675109582172943,0,0
905,Silvally,570,95,95,95,95,95,95,1,2.061438679093245,0.152867040031851,2,0
906,Minior,440,60,60,100,60,100,60,2,0.04617969262325713,-1.0373778733290029,0,0
907,Mega Minior,500,60,100,60,100,60,120,2,0.8123901817947141,1.8706972390113907,0,0
908,Komala,480,65,115,65,75,95,65,2,0.70295080052608,-0.03686234150591116,0,0
909,Turtonator,485,60,78,135,91,85,36,2,0.7489572329346684,-1.8145056719023696,0,0
910,Togedemaru,435,65,98,63,40,73,96,2,-0.12797244532448962,0.5623065701977352,0,0
911,Mimikyu,476,55,90,80,50,105,96,2,0.5527500280605061,0.07686423806381179,0,0
912,Bruxish,475,68,105,70,70,70,92,2,0.5055387805278836,0.6430372400536648,0,0
913,Drampa,485,78,60,85,135,91,36,2,0.8411692397128573,-0.5763867969825097,0,0
914,Dhelmise,517,70,131,100,86,90,40,2,1.3083961984187276,-1.132322708668271,0,0
915,Jangmo-o,300,45,55,65,45,45,45,0,-2.2252102177329345,-0.32750685756686954,1,0
916,Hakamo-o,420,55,75,90,65,70,65,2,-0.3386435960255197,-0.3900797936409191,0,0
917,Kommo-o,600,75,110,125,100,105,85,1,2.5205008257730324,-0.6091559921103692,2,0
918,Tapu Koko,570,70,115,85,95,75,130,1,1.9119403534232517,1.4257784285188482,2,0
919,Tapu Lele,570,70,85,75,130,115,95,1,2.089629380346882,0.7615633723070201,2,0
920,Tapu Bulu,570,70,130,115,85,95,75,1,2.0544677628707175,-0.6673475988453736,2,0
921,Tapu Fini,570,70,75,115,95,130,85,1,2.0998744685390345,-0.7016344374304889,0,0
922,Cosmog,200,43,29,31,29,31,37,0,-3.781767510964551,0.09115589131326482,1,0
923,Cosmoem,400,43,29,131,29,131,37,2,-0.525955597048971,-2.694198835842715,0,-1
924,Solgaleo,680,137,137,107,113,89,97,1,3.830163849058016,0.0919862574267449,2,2
925,Lunala,680,137,113,89,137,107,97,1,3.8862436188613434,0.48064040378893713,2,2
926,Nihilego,570,109,53,47,127,131,103,1,2.1863125552271425,1.1506059910943411,0,-1
927,Buzzwole,570,107,139,139,53,53,79,2,1.984244458624114,-1.0787166985641117,0,-1
928,Pheromosa,570,71,137,37,137,37,151,1,1.8387150317704672,3.5707048712711584,2,-1
929,Xurkitree,570,83,89,71,173,71,83,1,2.0532866343532428,1.3158889979739865,0,0
930,Celesteela,570,97,101,103,107,101,61,1,2.15125395303032,-0.7222279736949834,0,0
931,Kartana,570,59,181,131,59,31,109,2,1.809473973235068,0.21180765220178951,2,-1
932,Guzzlord,570,223,101,53,97,53,43,2,2.327162390146651,-0.2739598117456139,0,-1
933,Necrozma,600,97,107,101,127,89,79,1,2.5599872932959618,0.029842949519340668,2,0
934,Mega Necrozma,680,97,157,127,113,109,77,1,3.8427825728396496,-0.7740123697930078,2,0
935,Mega Necrozma X,680,97,113,109,157,127,77,1,3.898847628896609,-0.21483192144223467,2,0
936,Mega Necrozma X,754,97,167,97,167,97,129,1,4.895378843595763,1.6176463267347352,2,-1
937,Magearna,600,80,95,115,130,115,65,1,2.607867609692149,-0.7140500406736163,2,0
938,Marshadow,600,90,125,80,90,90,125,1,2.462222303665194,1.1692598885240917,2,0
939,Poipole,420,67,73,67,73,67,73,2,-0.32244006496989297,0.29207655340438216,0,0
940,Naganadel,540,73,73,73,127,73,121,1,1.4725718306728603,1.7186414162696233,0,0
941,Stakataka,570,61,131,211,53,101,13,2,2.100500098813122,-4.2451065055285095,0,-1
942,Blacephalon,570,53,127,53,151,79,107,1,1.9891497366592208,2.06667340915243,2,-1
943,Zeraora,600,88,112,75,102,80,143,1,2.400557182065919,1.8746368701525122,2,0
944,Meltan,300,46,65,65,55,35,34,0,-2.216715271948166,-0.39217705219972043,1,0
945,Melmetal,600,135,143,143,80,65,34,1,2.6281918905329777,-2.13013570661378,0,-1
946,Grookey,310,50,65,50,40,40,65,0,-2.1027615946348392,0.40745523077810325,1,0
947,Thwackey,420,70,85,70,55,60,80,2,-0.35298607758562517,0.2887568698438483,0,0
948,Rillaboom,530,100,125,90,60,70,85,2,1.4151101067510543,-0.08114020762709581,0,0
949,Scorbunny,310,50,71,40,40,40,69,0,-2.1015092258544255,0.6953067225778139,1,0
950,Raboot,420,65,86,60,55,60,94,2,-0.3832569199937394,0.8186480734587827,0,0
951,Cinderace,530,80,116,75,65,75,119,2,1.3305489772745243,1.0477405327620115,0,0
952,Sobble,310,50,40,40,70,40,70,0,-2.1040013371257147,0.9731840314213245,1,0
953,Drizzile,420,65,60,55,95,55,90,2,-0.37785627190853716,1.2197319379127929,0,0
954,Inteleon,530,70,85,65,125,65,120,1,1.3054890119833586,1.920494968844867,0,0
955,Skwovet,275,70,55,55,35,35,25,0,-2.546439470194192,-0.6863548928833072,1,0
956,Greedent,460,120,95,95,55,75,20,2,0.4990241725968705,-1.8563143437517649,0,0
957,Rookidee,245,38,47,35,33,35,57,0,-3.12190171279608,0.5104905390243007,1,0
958,Corvisquire,365,68,67,55,43,55,77,0,-1.212486602559904,0.4263925230400397,1,0
959,Corviknight,495,98,87,105,53,85,67,2,0.916005347178475,-1.0069917257549097,0,0
960,Blipbug,180,25,20,20,25,45,45,0,-4.102476435429189,0.3749823901477938,1,0
961,Dottler,335,50,35,80,50,90,30,0,-1.5537003239654064,-1.3423959069257074,1,0
962,Orbeetle,505,60,45,110,80,120,90,2,1.0302099451621427,-0.5389994036912723,0,0
963,Nickit,245,40,28,28,47,52,50,0,-3.0600442347595864,0.4410785368394918,1,0
964,Thievul,455,70,58,58,87,92,90,2,0.25394544932658386,0.7425309517848754,0,0
965,Gossifleur,250,40,40,60,40,60,10,0,-2.901665140628709,-1.2137748878294947,1,0
966,Eldegoss,460,60,50,90,80,120,60,2,0.41404393848857335,-0.8436522068233689,0,0
967,Wooloo,270,42,40,55,40,45,48,0,-2.700599338667174,-0.11902294788446302,1,0
968,Dubwool,490,72,80,100,60,90,88,2,0.7650631234737768,-0.3268646396426132,0,0
969,Chewtle,284,50,64,50,38,38,44,0,-2.4665811331963714,-0.07768817625802324,1,0
970,Drednaw,485,90,115,90,48,68,74,2,0.7121049427361775,-0.40566430100050904,0,0
971,Yamper,270,59,45,50,40,50,26,0,-2.6074782900306546,-0.6257863132908044,1,0
972,Boltund,490,69,90,60,90,60,121,2,0.6638680377574618,1.7603169205402363,0,0
973,Rolycoly,240,30,40,50,40,50,30,0,-3.1319522457305586,-0.44204504392184296,1,0
974,Carkol,410,80,60,90,60,70,50,2,-0.4258157931238825,-0.8789499206534165,0,0
975,Coalossal,510,110,80,120,80,90,30,2,1.2545800375877356,-1.979028983549322,0,0
976,Applin,260,40,40,80,40,40,20,0,-2.8303555121448447,-1.188250919412491,1,0
977,Flapple,485,70,110,80,95,60,70,2,0.6897656763856235,0.2686780060079044,0,0
978,Appletun,485,110,85,80,100,80,30,2,0.8832114722785246,-0.9360244775544844,0,0
979,Silicobra,315,52,57,75,35,50,46,0,-1.9817263906364038,-0.6547680639484579,1,0
980,Sandaconda,510,72,107,125,65,70,71,2,1.0558344140910565,-0.9457162905826938,0,0
981,Cramorant,475,70,85,55,85,95,85,2,0.5923277123432679,0.6639393680686828,0,0
982,Arrokuda,280,41,63,40,40,30,66,0,-2.601434383752966,0.737053687568631,1,0
983,Barraskewda,490,61,123,60,60,50,136,2,0.5958903056817119,1.9669684500827402,0,0
984,Toxel,242,40,38,35,54,35,40,0,-3.124699501881791,0.30285066092942947,1,0
985,Toxtricity,502,75,98,70,114,70,75,2,0.9845684013052923,0.6376862987216487,0,0
986,Mega Toxtricity,502,75,98,70,114,70,75,2,0.9845684013052923,0.6376862987216487,0,0
987,Sizzlipede,305,50,65,45,50,50,45,0,-2.1069394216675685,0.04888852547572673,1,0
988,Centiskorch,525,100,115,65,90,90,65,2,1.4532153341920833,0.03255422629175981,0,0
989,Clobbopus,310,50,68,60,50,50,32,0,-2.0123574359426404,-0.5329462294675109,1,0
990,Grapploct,480,80,118,90,70,80,42,2,0.722353441329584,-1.003850283094653,0,0
991,Sinistea,308,40,45,45,74,54,50,0,-2.077437655986008,0.3701100380587023,1,0
992,Polteageist,508,60,65,65,134,114,70,2,1.165149951657648,0.4385084660297802,0,0
993,Hatenna,265,42,30,45,56,53,39,0,-2.730392302388327,-0.06426225404832567,1,0
994,Hattrem,370,57,40,65,86,73,49,0,-1.0542706763947292,-0.14890148836631248,0,0
995,Hatterene,510,57,90,95,136,103,29,2,1.2385609957829022,-0.9270296882615889,0,0
996,Impidimp,265,45,45,30,55,40,50,0,-2.7628120510654024,0.5831761452558621,1,0
997,Morgrem,370,65,60,45,75,55,70,0,-1.109010757073867,0.7613738492605505,1,0
998,Grimmsnarl,510,95,120,65,95,75,60,2,1.1911792331747948,0.11813320357461596,0,0
999,Obstagoon,520,93,90,101,60,81,95,2,1.2323074564911347,-0.16619288671263713,0,0
1000,Perrserker,440,70,110,100,50,60,50,2,0.0044022435745389105,-0.9967806914207225,0,0
1001,Cursola,510,60,95,50,145,130,30,1,1.3443627126936983,-0.2057676894246672,0,-1
1002,Sirfetch'd,507,62,135,95,68,82,65,2,1.0669415296937745,-0.531294812605587,0,0
1003,Mr. Rime,520,80,85,75,110,100,70,2,1.3432891182270805,0.09684157879924948,0,0
1004,Runerigus,483,58,95,145,50,105,30,2,0.7583432959267612,-2.6840009216920513,0,0
1005,Milcery,270,45,40,40,50,61,34,0,-2.6131813178196572,-0.21206084749934032,1,0
1006,Alcremie,495,65,60,75,110,121,64,2,0.9838583578924817,-0.19924659455358537,0,0
1007,Falinks,470,65,100,100,70,60,75,2,0.41083523486386714,-0.2255519970225112,0,0
1008,Pincurchin,435,48,101,95,91,85,15,2,0.037280937626050635,-1.4751383416540131,0,0
1009,Snom,185,30,25,35,45,30,20,0,-4.001494929126716,-0.17664353712088024,1,0
1010,Frosmoth,475,70,65,60,125,90,65,2,0.6261164794689124,0.5121174703953115,0,0
1011,Stonjourner,470,100,125,135,20,20,70,2,0.3518871735491542,-1.2196241450823926,0,-1
1012,Eiscue,470,75,80,110,65,90,50,2,0.5352011238850228,-1.3539982422554233,0,0
1013,Mega Eiscue,470,75,80,70,65,50,130,2,0.3019971755138676,1.6000916979509554,0,0
1014,Indeedee,475,60,65,55,105,95,95,2,0.5539669827372243,1.0976665350813188,0,0
1015,Mega Indeedee,475,70,55,65,95,105,85,2,0.6012205295281129,0.45243715122416284,0,0
1016,Morpeko,436,58,95,58,70,58,97,2,-0.1486652247431188,1.1163689716908325,0,0
1017,Mega Morpeko,436,58,95,58,70,58,97,2,-0.1486652247431188,1.1163689716908325,0,0
1018,Cufant,330,72,80,49,40,49,40,0,-1.6751665324152176,-0.2872091074312991,1,0
1019,Copperajah,500,122,130,69,80,69,30,2,1.127321488771962,-0.8172232212791603,0,0
1020,Dracozolt,505,90,100,90,80,70,75,2,1.0302989185128595,-0.11195752673125939,0,0
1021,Arctozolt,505,90,100,90,90,80,55,2,1.0997250801198302,-0.5657167924314097,0,0
1022,Dracovish,505,90,90,100,70,80,75,2,1.039206449444072,-0.49398604556436027,0,0
1023,Arctovish,505,90,90,100,80,90,55,2,1.1086326110510425,-0.9477453112645107,0,0
1024,Duraludon,535,70,95,115,120,50,85,2,1.3854026524592427,0.2577435194428678,0,-1
1025,Dreepy,270,28,60,30,40,30,82,0,-2.8059023036051576,1.3358635004773682,1,0
1026,Drakloak,410,68,80,50,60,50,102,2,-0.5661679235663399,1.312936224192947,0,0
1027,Dragapult,600,88,120,75,100,75,142,1,2.3930123413695963,1.8841290338338432,2,0
1028,Zacian,720,92,170,115,80,115,148,1,4.319351855175745,0.7515188438260652,2,-1
1029,Mega Zacian,670,92,130,115,80,115,138,1,3.5523497183593014,0.4850655474116421,2,-1
1030,Zamazenta,720,92,130,145,80,145,128,1,4.395453190384591,-0.5805343769031504,2,-1
1031,Mega Zamazenta,670,92,130,115,80,115,138,1,3.5523497183593014,0.4850655474116421,2,-1
1032,Eternatus,690,140,85,95,145,95,130,1,3.936441817958003,1.2711867419854663,2,-1
1033,Mega Eternatus,1125,255,115,250,125,250,130,1,11.11914586404448,-3.5894090663779323,2,-1
1034,Kubfu,385,60,90,60,53,50,72,0,-0.9099618447310852,0.4021867505507283,1,0
1035,Urshifu,550,100,130,100,63,60,97,2,1.670983192369012,0.1254881342465771,0,0
1036,Mega Urshifu,550,100,130,100,63,60,97,2,1.670983192369012,0.1254881342465771,0,0
1037,Zarude,600,105,120,105,70,95,105,1,2.514291268714049,-0.05388981093748115,2,0
1038,Regieleki,580,80,100,50,100,50,200,1,1.899902043616354,3.922766043358861,2,-1
1039,Regidrago,580,200,100,50,100,50,80,1,2.3600542339324657,0.7643556630701986,0,-1
1040,Glastrier,580,100,145,130,65,110,30,2,2.3782619037259907,-2.3948274380123182,0,-1
1041,Spectrier,580,100,65,60,145,80,130,1,2.149028586942097,2.184359732950974,2,0
1042,Calyrex,500,100,80,80,80,80,80,2,0.9835893070958431,0.05383674124896785,0,0
1043,Mega Calyrex,680,100,165,150,85,130,50,1,3.9300518117285663,-2.284925278872512,2,-1
1044,Mega Calyrex X,680,100,85,80,165,100,150,1,3.7008184949446727,2.2942618920907805,2,-1
